|Date|Address|Species|Block|Street|Trap|AddressNumberAndStreet|Latitude|Longitude|AddressAccuracy|NumMosquitos|WnvPresent
553|2007-07-18|3800 East 115th Street, Chicago, IL 60617, USA|CULEX PIPIENS/RESTUANS|38| E 115TH ST|T215|3800  E 115TH ST, Chicago, IL|41.686398|-87.531635|8|50|1
603|2007-07-25|South Doty Avenue, Chicago, IL, USA|CULEX PIPIENS/RESTUANS|12| S DOTY AVE|T115|1200  S DOTY AVE, Chicago, IL|41.673408|-87.599862|5|50|1
611|2007-07-25|South Doty Avenue, Chicago, IL, USA|CULEX PIPIENS/RESTUANS|12| S DOTY AVE|T115|1200  S DOTY AVE, Chicago, IL|41.673408|-87.599862|5|50|1
618|2007-07-25|South Doty Avenue, Chicago, IL, USA|CULEX PIPIENS|12| S DOTY AVE|T115|1200  S DOTY AVE, Chicago, IL|41.673408|-87.599862|5|50|1
660|2007-07-25|South Doty Avenue, Chicago, IL, USA|CULEX PIPIENS|12| S DOTY AVE|T115|1200  S DOTY AVE, Chicago, IL|41.673408|-87.599862|5|50|1
661|2007-07-25|South Doty Avenue, Chicago, IL, USA|CULEX PIPIENS|12| S DOTY AVE|T115|1200  S DOTY AVE, Chicago, IL|41.673408|-87.599862|5|50|1
777|2007-08-01|4100 North Oak Park Avenue, Chicago, IL 60634, USA|CULEX PIPIENS/RESTUANS|41| N OAK PARK AVE|T002|4100  N OAK PARK AVE, Chicago, IL|41.95469|-87.800991|9|50|1
778|2007-08-01|4100 North Oak Park Avenue, Chicago, IL 60634, USA|CULEX PIPIENS/RESTUANS|41| N OAK PARK AVE|T002|4100  N OAK PARK AVE, Chicago, IL|41.95469|-87.800991|9|21|1
784|2007-08-01|7900 West Foster Avenue, Chicago, IL 60656, USA|CULEX PIPIENS/RESTUANS|79| W FOSTER AVE|T015|7900  W FOSTER AVE, Chicago, IL|41.974089|-87.824812|8|5|1
812|2007-08-01|2200 West 113th Street, Chicago, IL 60643, USA|CULEX PIPIENS/RESTUANS|22| W 113TH ST|T086|2200  W 113TH ST, Chicago, IL|41.688324|-87.676709|8|33|1
842|2007-08-01|2200 West 89th Street, Chicago, IL 60643, USA|CULEX PIPIENS|22| W 89TH ST|T096|2200  W 89TH ST, Chicago, IL|41.731922|-87.677512|8|15|1
902|2007-08-01|University of Illinois at Chicago, 1100 South Ashland Avenue, Chicago, IL 60607, USA|CULEX PIPIENS/RESTUANS|11| S ASHLAND AVE|T090|1100  S ASHLAND AVE, Chicago, IL|41.868077|-87.666901|9|17|1
917|2007-08-01|4200 West 127th Street, Alsip, IL 60803, USA|CULEX PIPIENS/RESTUANS|42| W 127TH PL|T135|4200  W 127TH PL, Chicago, IL|41.662014|-87.72460799999999|8|50|1
919|2007-08-01|4200 West 127th Street, Alsip, IL 60803, USA|CULEX PIPIENS|42| W 127TH PL|T135|4200  W 127TH PL, Chicago, IL|41.662014|-87.72460799999999|8|10|1
970|2007-08-01|4500 North Campbell Avenue, Chicago, IL 60625, USA|CULEX PIPIENS/RESTUANS|45| N CAMPBELL AVE|T220|4500  N CAMPBELL AVE, Chicago, IL|41.963976|-87.69181|9|2|1
986|2007-08-01|7000 North Moselle Avenue, Chicago, IL 60646, USA|CULEX PIPIENS|70| N MOSELL AVE|T008|7000  N MOSELL AVE, Chicago, IL|42.008314|-87.77792099999999|9|50|1
1047|2007-08-01|3300 North Rutherford Avenue, Chicago, IL 60634, USA|CULEX PIPIENS|33| N RUTHERFORD AVE|T144|3300  N RUTHERFORD AVE, Chicago, IL|41.94016|-87.794896|9|10|1
1078|2007-08-01|Chicago Midway International Airport (MDW), 5200 West 63rd Street, Chicago, IL 60638, USA|CULEX PIPIENS/RESTUANS|52| W 63RD ST|T065|5200  W 63RD ST, Chicago, IL|41.778296999999995|-87.752411|9|28|1
1159|2007-08-01|4000 South Dearborn Street, Chicago, IL 60609, USA|CULEX PIPIENS/RESTUANS|40| S DEARBORN ST|T081|4000  S DEARBORN ST, Chicago, IL|41.821582|-87.62779599999999|9|13|1
1166|2007-08-01|5000 South Union Avenue, Chicago, IL 60609, USA|CULEX PIPIENS/RESTUANS|50| S UNION AVE|T082|5000  S UNION AVE, Chicago, IL|41.803422999999995|-87.642984|8|3|1
1250|2007-08-01|South Stony Island Avenue, Chicago, IL, USA|CULEX PIPIENS/RESTUANS|10| S STONY ISLAND AVE|T138|1000  S STONY ISLAND AVE, Chicago, IL|41.726465000000005|-87.585413|5|16|1
1306|2007-08-01|South Avenue L, Chicago, IL 60617, USA|CULEX PIPIENS/RESTUANS|11| S AVENUE L|T103|1100  S AVENUE L, Chicago, IL|41.702723999999996|-87.536497|5|50|1
1309|2007-08-01|South Avenue L, Chicago, IL 60617, USA|CULEX PIPIENS/RESTUANS|11| S AVENUE L|T103|1100  S AVENUE L, Chicago, IL|41.702723999999996|-87.536497|5|50|1
1310|2007-08-01|South Avenue L, Chicago, IL 60617, USA|CULEX PIPIENS/RESTUANS|11| S AVENUE L|T103|1100  S AVENUE L, Chicago, IL|41.702723999999996|-87.536497|5|50|1
1332|2007-08-02|2200 West 89th Street, Chicago, IL 60643, USA|CULEX PIPIENS/RESTUANS|22| W 89TH ST|T096|2200  W 89TH ST, Chicago, IL|41.731922|-87.677512|8|9|1
1411|2007-08-02|South Stony Island Avenue, Chicago, IL, USA|CULEX PIPIENS|10| S STONY ISLAND AVE|T138|1000  S STONY ISLAND AVE, Chicago, IL|41.726465000000005|-87.585413|5|50|1
1423|2007-08-02|3700 118th Street, Chicago, IL 60617, USA|CULEX PIPIENS/RESTUANS|37| E 118TH ST|T212|3700  E 118TH ST, Chicago, IL|41.680946|-87.535198|8|48|1
1476|2007-08-07|7900 West Foster Avenue, Chicago, IL 60656, USA|CULEX PIPIENS|79| W FOSTER AVE|T015|7900  W FOSTER AVE, Chicago, IL|41.974089|-87.824812|8|26|1
1502|2007-08-07|6500 North Oak Park Avenue, Chicago, IL 60631, USA|CULEX PIPIENS/RESTUANS|65| N OAK PARK AVE|T143|6500  N OAK PARK AVE, Chicago, IL|41.999128999999996|-87.795585|8|15|1
1503|2007-08-07|6500 North Oak Park Avenue, Chicago, IL 60631, USA|CULEX PIPIENS|65| N OAK PARK AVE|T143|6500  N OAK PARK AVE, Chicago, IL|41.999128999999996|-87.795585|8|29|1
1515|2007-08-07|3600 North Pittsburgh Avenue, Chicago, IL 60634, USA|CULEX PIPIENS/RESTUANS|36| N PITTSBURGH AVE|T011|3600  N PITTSBURGH AVE, Chicago, IL|41.944869|-87.832763|8|28|1
1517|2007-08-07|3600 North Pittsburgh Avenue, Chicago, IL 60634, USA|CULEX PIPIENS|36| N PITTSBURGH AVE|T011|3600  N PITTSBURGH AVE, Chicago, IL|41.944869|-87.832763|8|43|1
1519|2007-08-07|7200 North Oketo Avenue, Chicago, IL 60631, USA|CULEX PIPIENS|72| N OKETO AVE|T016|7200  N OKETO AVE, Chicago, IL|42.011601|-87.81150600000001|8|37|1
1561|2007-08-07|9300 South Doctor Martin Luther King Junior Drive, Chicago, IL 60619, USA|CULEX PIPIENS|93| S DR MARTIN LUTHER KING JR DR|T162|9300  S DR MARTIN LUTHER KING JR DR, Chicago, IL|41.725516999999996|-87.61425799999999|8|7|1
1575|2007-08-07|7000 North Moselle Avenue, Chicago, IL 60646, USA|CULEX PIPIENS|70| N MOSELL AVE|T008|7000  N MOSELL AVE, Chicago, IL|42.008314|-87.77792099999999|9|50|1
1576|2007-08-07|7000 North Moselle Avenue, Chicago, IL 60646, USA|CULEX PIPIENS|70| N MOSELL AVE|T008|7000  N MOSELL AVE, Chicago, IL|42.008314|-87.77792099999999|9|20|1
1591|2007-08-07|6400 West Strong Street, Chicago, IL, USA|CULEX PIPIENS|64| W STRONG ST|T014|6400  W STRONG ST, Chicago, IL|41.970248|-87.787992|8|44|1
1599|2007-08-07|1100 North Artesian Avenue, Chicago, IL 60622, USA|CULEX RESTUANS|11| S ARTESIAN AVE|T160|1100  S ARTESIAN AVE, Chicago, IL|41.903002|-87.68826700000001|8|1|1
1633|2007-08-07|5000 South Union Avenue, Chicago, IL 60609, USA|CULEX PIPIENS|50| S UNION AVE|T082|5000  S UNION AVE, Chicago, IL|41.803422999999995|-87.642984|8|8|1
1653|2007-08-08|South Doty Avenue, Chicago, IL, USA|CULEX PIPIENS/RESTUANS|12| S DOTY AVE|T115|1200  S DOTY AVE, Chicago, IL|41.673408|-87.599862|5|30|1
1671|2007-08-08|South Doty Avenue, Chicago, IL, USA|CULEX PIPIENS|12| S DOTY AVE|T115|1200  S DOTY AVE, Chicago, IL|41.673408|-87.599862|5|30|1
1685|2007-08-08|South Doty Avenue, Chicago, IL, USA|CULEX PIPIENS|12| S DOTY AVE|T115|1200  S DOTY AVE, Chicago, IL|41.673408|-87.599862|5|37|1
1699|2007-08-08|South Stony Island Avenue, Chicago, IL, USA|CULEX PIPIENS|10| S STONY ISLAND AVE|T138|1000  S STONY ISLAND AVE, Chicago, IL|41.726465000000005|-87.585413|5|50|1
1709|2007-08-08|South Stony Island Avenue, Chicago, IL, USA|CULEX PIPIENS|10| S STONY ISLAND AVE|T138|1000  S STONY ISLAND AVE, Chicago, IL|41.726465000000005|-87.585413|5|50|1
1730|2007-08-08|2400 East 105th Street, Chicago, IL 60617, USA|CULEX PIPIENS/RESTUANS|24| E 105TH ST|T128|2400  E 105TH ST, Chicago, IL|41.704572|-87.56566600000001|8|31|1
1745|2007-08-08|South Avenue L, Chicago, IL 60617, USA|CULEX PIPIENS|11| S AVENUE L|T103|1100  S AVENUE L, Chicago, IL|41.702723999999996|-87.536497|5|50|1
1763|2007-08-09|South Brandon Avenue, Chicago, IL 60617, USA|CULEX PIPIENS|13| S BRANDON|T209|1300  S BRANDON, Chicago, IL|41.740641|-87.546587|5|41|1
1772|2007-08-15|4100 North Oak Park Avenue, Chicago, IL 60634, USA|CULEX PIPIENS/RESTUANS|41| N OAK PARK AVE|T002|4100  N OAK PARK AVE, Chicago, IL|41.95469|-87.800991|9|41|1
1779|2007-08-15|7900 West Foster Avenue, Chicago, IL 60656, USA|CULEX PIPIENS|79| W FOSTER AVE|T015|7900  W FOSTER AVE, Chicago, IL|41.974089|-87.824812|8|11|1
1781|2007-08-15|1500 West Webster Avenue, Chicago, IL 60614, USA|CULEX PIPIENS/RESTUANS|15| W WEBSTER AVE|T045|1500  W WEBSTER AVE, Chicago, IL|41.9216|-87.666455|8|42|1
1788|2007-08-15|1100 Roosevelt Road, Chicago, IL 60608, USA|CULEX RESTUANS|11| W ROOSEVELT|T048|1100  W ROOSEVELT, Chicago, IL|41.867108|-87.654224|8|1|1
1789|2007-08-15|1100 Roosevelt Road, Chicago, IL 60608, USA|CULEX PIPIENS|11| W ROOSEVELT|T048|1100  W ROOSEVELT, Chicago, IL|41.867108|-87.654224|8|3|1
1791|2007-08-15|1100 West Chicago Avenue, Chicago, IL 60642, USA|CULEX RESTUANS|11| W CHICAGO|T049|1100  W CHICAGO, Chicago, IL|41.896282|-87.655232|8|1|1
1802|2007-08-15|2200 West 113th Street, Chicago, IL 60643, USA|CULEX RESTUANS|22| W 113TH ST|T086|2200  W 113TH ST, Chicago, IL|41.688324|-87.676709|8|1|1
1818|2007-08-15|6500 North Oak Park Avenue, Chicago, IL 60631, USA|CULEX PIPIENS/RESTUANS|65| N OAK PARK AVE|T143|6500  N OAK PARK AVE, Chicago, IL|41.999128999999996|-87.795585|8|25|1
1819|2007-08-15|6500 North Oak Park Avenue, Chicago, IL 60631, USA|CULEX PIPIENS/RESTUANS|65| N OAK PARK AVE|T143|6500  N OAK PARK AVE, Chicago, IL|41.999128999999996|-87.795585|8|42|1
1821|2007-08-15|6500 North Oak Park Avenue, Chicago, IL 60631, USA|CULEX PIPIENS|65| N OAK PARK AVE|T143|6500  N OAK PARK AVE, Chicago, IL|41.999128999999996|-87.795585|8|31|1
1831|2007-08-15|9100 West Higgins Avenue, Chicago, IL 60656, USA|CULEX PIPIENS/RESTUANS|91| W HIGGINS AVE|T009|9100  W HIGGINS AVE, Chicago, IL|41.981964000000005|-87.812827|8|38|1
1832|2007-08-15|9100 West Higgins Avenue, Chicago, IL 60656, USA|CULEX PIPIENS|91| W HIGGINS AVE|T009|9100  W HIGGINS AVE, Chicago, IL|41.981964000000005|-87.812827|8|27|1
1833|2007-08-15|3600 North Pittsburgh Avenue, Chicago, IL 60634, USA|CULEX PIPIENS/RESTUANS|36| N PITTSBURGH AVE|T011|3600  N PITTSBURGH AVE, Chicago, IL|41.944869|-87.832763|8|39|1
1834|2007-08-15|3600 North Pittsburgh Avenue, Chicago, IL 60634, USA|CULEX PIPIENS|36| N PITTSBURGH AVE|T011|3600  N PITTSBURGH AVE, Chicago, IL|41.944869|-87.832763|8|25|1
1835|2007-08-15|7200 North Oketo Avenue, Chicago, IL 60631, USA|CULEX PIPIENS/RESTUANS|72| N OKETO AVE|T016|7200  N OKETO AVE, Chicago, IL|42.011601|-87.81150600000001|8|49|1
1837|2007-08-15|7200 North Oketo Avenue, Chicago, IL 60631, USA|CULEX PIPIENS|72| N OKETO AVE|T016|7200  N OKETO AVE, Chicago, IL|42.011601|-87.81150600000001|8|50|1
1838|2007-08-15|7200 North Oketo Avenue, Chicago, IL 60631, USA|CULEX PIPIENS|72| N OKETO AVE|T016|7200  N OKETO AVE, Chicago, IL|42.011601|-87.81150600000001|8|50|1
1839|2007-08-15|7200 North Oketo Avenue, Chicago, IL 60631, USA|CULEX PIPIENS|72| N OKETO AVE|T016|7200  N OKETO AVE, Chicago, IL|42.011601|-87.81150600000001|8|18|1
1850|2007-08-15|1400 North Sacramento Avenue, Chicago, IL 60622, USA|CULEX PIPIENS|14| N HUMBOLDT DR|T033|1400  N HUMBOLDT DR, Chicago, IL|41.906638|-87.701431|9|14|1
1867|2007-08-15|4000 North Austin Avenue, Chicago, IL 60634, USA|CULEX PIPIENS|40| N AUSTIN AVE|T142|4000  N AUSTIN AVE, Chicago, IL|41.953067|-87.776792|8|9|1
1869|2007-08-15|Chicago, IL, USA|CULEX PIPIENS|43| N ASHLAND AVE OVERPASS|T145|4300  N ASHLAND AVE OVERPASS, Chicago, IL|41.878114000000004|-87.629798|3|25|1
1883|2007-08-15|2100 North Lawler Avenue, Chicago, IL 60639, USA|CULEX PIPIENS|21| N LAWLER AVE|T154|2100  N LAWLER AVE, Chicago, IL|41.918704999999996|-87.752329|8|14|1
1885|2007-08-15|3500 West 116th Street, Chicago, IL 60655, USA|CULEX PIPIENS/RESTUANS|35| W 116TH ST|T158|3500  W 116TH ST, Chicago, IL|41.682587|-87.707973|9|30|1
1897|2007-08-15|4600 Milwaukee Avenue, Chicago, IL 60630, USA|CULEX PIPIENS/RESTUANS|46| N MILWAUKEE AVE|T003|4600  N MILWAUKEE AVE, Chicago, IL|41.964242|-87.757639|8|27|1
1900|2007-08-15|4600 Milwaukee Avenue, Chicago, IL 60630, USA|CULEX PIPIENS|46| N MILWAUKEE AVE|T003|4600  N MILWAUKEE AVE, Chicago, IL|41.964242|-87.757639|8|49|1
1901|2007-08-15|6000 North Avondale Avenue, Chicago, IL 60631, USA|CULEX PIPIENS/RESTUANS|60| N AVONDALE AVE|T006|6000  N AVONDALE AVE, Chicago, IL|41.990284|-87.797127|8|16|1
1902|2007-08-15|6000 North Avondale Avenue, Chicago, IL 60631, USA|CULEX PIPIENS|60| N AVONDALE AVE|T006|6000  N AVONDALE AVE, Chicago, IL|41.990284|-87.797127|8|20|1
1904|2007-08-15|7000 North Moselle Avenue, Chicago, IL 60646, USA|CULEX PIPIENS|70| N MOSELL AVE|T008|7000  N MOSELL AVE, Chicago, IL|42.008314|-87.77792099999999|9|12|1
1906|2007-08-15|6100 North Lemont Avenue, Chicago, IL 60646, USA|CULEX PIPIENS|61| N LEMONT AVE|T012|6100  N LEMONT AVE, Chicago, IL|41.991429|-87.747113|8|16|1
1955|2007-08-15|3000 South Hoyne Avenue, Chicago, IL 60608, USA|CULEX RESTUANS|30| S HOYNE AVE|T035|3000  S HOYNE AVE, Chicago, IL|41.836644|-87.677737|8|1|1
1965|2007-08-15|2200 West 51st Street, Chicago, IL 60609, USA|CULEX PIPIENS|22| W 51ST ST|T061|2200  W 51ST ST, Chicago, IL|41.801179|-87.679447|8|35|1
1975|2007-08-15|6700 South Kedzie Avenue, Chicago, IL 60629, USA|CULEX PIPIENS|67| S KEDZIE AVE|T066|6700  S KEDZIE AVE, Chicago, IL|41.77166|-87.703047|8|20|1
1988|2007-08-15|3900 South Ashland Avenue, Chicago, IL 60609, USA|CULEX PIPIENS|39| S ASHLAND AVE|T074|3900  S ASHLAND AVE, Chicago, IL|41.822536|-87.66634300000001|9|39|1
2005|2007-08-15|5000 South Union Avenue, Chicago, IL 60609, USA|CULEX PIPIENS|50| S UNION AVE|T082|5000  S UNION AVE, Chicago, IL|41.803422999999995|-87.642984|8|36|1
2011|2007-08-15|5200 South Kolmar Avenue, Chicago, IL 60632, USA|CULEX PIPIENS|52| S KOLMAR|T114|5200  S KOLMAR, Chicago, IL|41.798697|-87.736812|8|23|1
2012|2007-08-15|6300 West 64th Street, Chicago, IL 60638, USA|CULEX PIPIENS/RESTUANS|63| W 64TH ST|T155|6300  W 64TH ST, Chicago, IL|41.776156|-87.778927|9|20|1
2013|2007-08-15|6300 West 64th Street, Chicago, IL 60638, USA|CULEX PIPIENS|63| W 64TH ST|T155|6300  W 64TH ST, Chicago, IL|41.776156|-87.778927|9|26|1
2050|2007-08-16|South Doty Avenue, Chicago, IL, USA|CULEX PIPIENS/RESTUANS|12| S DOTY AVE|T115|1200  S DOTY AVE, Chicago, IL|41.673408|-87.599862|5|44|1
2058|2007-08-16|South Doty Avenue, Chicago, IL, USA|CULEX PIPIENS|12| S DOTY AVE|T115|1200  S DOTY AVE, Chicago, IL|41.673408|-87.599862|5|50|1
2061|2007-08-16|South Doty Avenue, Chicago, IL, USA|CULEX PIPIENS|12| S DOTY AVE|T115|1200  S DOTY AVE, Chicago, IL|41.673408|-87.599862|5|50|1
2063|2007-08-16|South Doty Avenue, Chicago, IL, USA|CULEX PIPIENS|12| S DOTY AVE|T115|1200  S DOTY AVE, Chicago, IL|41.673408|-87.599862|5|50|1
2069|2007-08-16|South Doty Avenue, Chicago, IL, USA|CULEX PIPIENS|12| S DOTY AVE|T115|1200  S DOTY AVE, Chicago, IL|41.673408|-87.599862|5|50|1
2070|2007-08-16|South Doty Avenue, Chicago, IL, USA|CULEX PIPIENS|12| S DOTY AVE|T115|1200  S DOTY AVE, Chicago, IL|41.673408|-87.599862|5|32|1
2072|2007-08-16|South Doty Avenue, Chicago, IL, USA|CULEX PIPIENS|12| S DOTY AVE|T115|1200  S DOTY AVE, Chicago, IL|41.673408|-87.599862|5|50|1
2076|2007-08-16|South Doty Avenue, Chicago, IL, USA|CULEX PIPIENS|12| S DOTY AVE|T115|1200  S DOTY AVE, Chicago, IL|41.673408|-87.599862|5|50|1
2078|2007-08-16|South Doty Avenue, Chicago, IL, USA|CULEX PIPIENS|12| S DOTY AVE|T115|1200  S DOTY AVE, Chicago, IL|41.673408|-87.599862|5|50|1
2095|2007-08-16|South Doty Avenue, Chicago, IL, USA|CULEX PIPIENS|12| S DOTY AVE|T115|1200  S DOTY AVE, Chicago, IL|41.673408|-87.599862|5|50|1
2100|2007-08-16|South Doty Avenue, Chicago, IL, USA|CULEX PIPIENS|12| S DOTY AVE|T115|1200  S DOTY AVE, Chicago, IL|41.673408|-87.599862|5|50|1
2105|2007-08-16|South Stony Island Avenue, Chicago, IL, USA|CULEX PIPIENS|10| S STONY ISLAND AVE|T138|1000  S STONY ISLAND AVE, Chicago, IL|41.726465000000005|-87.585413|5|50|1
2108|2007-08-16|South Stony Island Avenue, Chicago, IL, USA|CULEX PIPIENS|10| S STONY ISLAND AVE|T138|1000  S STONY ISLAND AVE, Chicago, IL|41.726465000000005|-87.585413|5|50|1
2125|2007-08-16|2400 East 105th Street, Chicago, IL 60617, USA|CULEX PIPIENS|24| E 105TH ST|T128|2400  E 105TH ST, Chicago, IL|41.704572|-87.56566600000001|8|50|1
2131|2007-08-16|2400 East 105th Street, Chicago, IL 60617, USA|CULEX PIPIENS|24| E 105TH ST|T128|2400  E 105TH ST, Chicago, IL|41.704572|-87.56566600000001|8|50|1
2140|2007-08-16|2400 East 105th Street, Chicago, IL 60617, USA|CULEX PIPIENS|24| E 105TH ST|T128|2400  E 105TH ST, Chicago, IL|41.704572|-87.56566600000001|8|50|1
2153|2007-08-17|South Stony Island Avenue, Chicago, IL, USA|CULEX PIPIENS|10| S STONY ISLAND AVE|T138|1000  S STONY ISLAND AVE, Chicago, IL|41.726465000000005|-87.585413|5|43|1
2167|2007-08-17|South Brandon Avenue, Chicago, IL 60617, USA|CULEX PIPIENS|13| S BRANDON|T209|1300  S BRANDON, Chicago, IL|41.740641|-87.546587|5|37|1
2181|2007-08-17|3800 East 115th Street, Chicago, IL 60617, USA|CULEX PIPIENS|38| E 115TH ST|T215|3800  E 115TH ST, Chicago, IL|41.686398|-87.531635|8|30|1
2184|2007-08-17|4000 East 130th Street, Chicago, IL 60633, USA|CULEX PIPIENS/RESTUANS|40| E 130TH ST|T221|4000  E 130TH ST, Chicago, IL|41.659112|-87.53869300000001|8|50|1
2190|2007-08-17|4000 East 130th Street, Chicago, IL 60633, USA|CULEX PIPIENS|40| E 130TH ST|T221|4000  E 130TH ST, Chicago, IL|41.659112|-87.53869300000001|8|48|1
2191|2007-08-17|4000 East 130th Street, Chicago, IL 60633, USA|CULEX PIPIENS|40| E 130TH ST|T221|4000  E 130TH ST, Chicago, IL|41.659112|-87.53869300000001|8|50|1
2192|2007-08-17|4000 East 130th Street, Chicago, IL 60633, USA|CULEX PIPIENS|40| E 130TH ST|T221|4000  E 130TH ST, Chicago, IL|41.659112|-87.53869300000001|8|50|1
2195|2007-08-21|4100 North Oak Park Avenue, Chicago, IL 60634, USA|CULEX PIPIENS/RESTUANS|41| N OAK PARK AVE|T002|4100  N OAK PARK AVE, Chicago, IL|41.95469|-87.800991|9|23|1
2198|2007-08-21|7900 West Foster Avenue, Chicago, IL 60656, USA|CULEX PIPIENS/RESTUANS|79| W FOSTER AVE|T015|7900  W FOSTER AVE, Chicago, IL|41.974089|-87.824812|8|5|1
2200|2007-08-21|1500 West Webster Avenue, Chicago, IL 60614, USA|CULEX PIPIENS/RESTUANS|15| W WEBSTER AVE|T045|1500  W WEBSTER AVE, Chicago, IL|41.9216|-87.666455|8|28|1
2201|2007-08-21|1500 West Webster Avenue, Chicago, IL 60614, USA|CULEX PIPIENS|15| W WEBSTER AVE|T045|1500  W WEBSTER AVE, Chicago, IL|41.9216|-87.666455|8|17|1
2214|2007-08-21|2200 West 113th Street, Chicago, IL 60643, USA|CULEX PIPIENS/RESTUANS|22| W 113TH ST|T086|2200  W 113TH ST, Chicago, IL|41.688324|-87.676709|8|48|1
2216|2007-08-21|2200 West 113th Street, Chicago, IL 60643, USA|CULEX PIPIENS|22| W 113TH ST|T086|2200  W 113TH ST, Chicago, IL|41.688324|-87.676709|8|50|1
2219|2007-08-21|6500 North Oak Park Avenue, Chicago, IL 60631, USA|CULEX PIPIENS|65| N OAK PARK AVE|T143|6500  N OAK PARK AVE, Chicago, IL|41.999128999999996|-87.795585|8|1|1
2227|2007-08-21|3600 North Pittsburgh Avenue, Chicago, IL 60634, USA|CULEX PIPIENS|36| N PITTSBURGH AVE|T011|3600  N PITTSBURGH AVE, Chicago, IL|41.944869|-87.832763|8|11|1
2228|2007-08-21|7200 North Oketo Avenue, Chicago, IL 60631, USA|CULEX PIPIENS/RESTUANS|72| N OKETO AVE|T016|7200  N OKETO AVE, Chicago, IL|42.011601|-87.81150600000001|8|4|1
2239|2007-08-21|1400 North Sacramento Avenue, Chicago, IL 60622, USA|CULEX PIPIENS|14| N HUMBOLDT DR|T033|1400  N HUMBOLDT DR, Chicago, IL|41.906638|-87.701431|9|8|1
2241|2007-08-21|South Vincennes Avenue, Chicago, IL, USA|CULEX PIPIENS|10| S VINCENNES|T089|1000  S VINCENNES, Chicago, IL|41.723195000000004|-87.64997|5|5|1
2243|2007-08-21|University of Illinois at Chicago, 1100 South Ashland Avenue, Chicago, IL 60607, USA|CULEX PIPIENS|11| S ASHLAND AVE|T090|1100  S ASHLAND AVE, Chicago, IL|41.868077|-87.666901|9|7|1
2258|2007-08-21|7000 West Armitage Avenue, Chicago, IL 60707, USA|CULEX PIPIENS/RESTUANS|70|  W ARMITAGE AVENUE|T151|7000   W ARMITAGE AVENUE, Chicago, IL|41.916265|-87.800515|8|18|1
2271|2007-08-21|4600 Milwaukee Avenue, Chicago, IL 60630, USA|CULEX PIPIENS|46| N MILWAUKEE AVE|T003|4600  N MILWAUKEE AVE, Chicago, IL|41.964242|-87.757639|8|23|1
2272|2007-08-21|6000 North Avondale Avenue, Chicago, IL 60631, USA|CULEX PIPIENS/RESTUANS|60| N AVONDALE AVE|T006|6000  N AVONDALE AVE, Chicago, IL|41.990284|-87.797127|8|1|1
2273|2007-08-21|6000 North Avondale Avenue, Chicago, IL 60631, USA|CULEX PIPIENS|60| N AVONDALE AVE|T006|6000  N AVONDALE AVE, Chicago, IL|41.990284|-87.797127|8|9|1
2274|2007-08-21|7000 North Moselle Avenue, Chicago, IL 60646, USA|CULEX PIPIENS/RESTUANS|70| N MOSELL AVE|T008|7000  N MOSELL AVE, Chicago, IL|42.008314|-87.77792099999999|9|6|1
2295|2007-08-21|6400 West Strong Street, Chicago, IL, USA|CULEX PIPIENS/RESTUANS|64| W STRONG ST|T014|6400  W STRONG ST, Chicago, IL|41.970248|-87.787992|8|22|1
2296|2007-08-21|6400 West Strong Street, Chicago, IL, USA|CULEX PIPIENS|64| W STRONG ST|T014|6400  W STRONG ST, Chicago, IL|41.970248|-87.787992|8|23|1
2303|2007-08-21|2000 East 111th Street, Chicago, IL 60628, USA|CULEX PIPIENS|20| E 111TH ST|T084|2000  E 111TH ST, Chicago, IL|41.692555|-87.598865|8|7|1
2317|2007-08-21|4200 West 31st Street, Chicago, IL 60623, USA|CULEX PIPIENS|42| W 31ST ST|T036|4200  W 31ST ST, Chicago, IL|41.837084999999995|-87.729384|9|5|1
2318|2007-08-21|1700 North Pulaski Road, Chicago, IL 60639, USA|CULEX PIPIENS/RESTUANS|17| N PULASKI RD|T039|1700  N PULASKI RD, Chicago, IL|41.911823999999996|-87.726737|9|28|1
2322|2007-08-21|2200 West 51st Street, Chicago, IL 60609, USA|CULEX PIPIENS/RESTUANS|22| W 51ST ST|T061|2200  W 51ST ST, Chicago, IL|41.801179|-87.679447|8|13|1
2324|2007-08-21|2200 West 51st Street, Chicago, IL 60609, USA|CULEX PIPIENS|22| W 51ST ST|T061|2200  W 51ST ST, Chicago, IL|41.801179|-87.679447|8|18|1
2333|2007-08-21|Chicago Midway International Airport (MDW), 5200 West 63rd Street, Chicago, IL 60638, USA|CULEX PIPIENS|52| W 63RD ST|T065|5200  W 63RD ST, Chicago, IL|41.778296999999995|-87.752411|9|27|1
2334|2007-08-21|Chicago Midway International Airport (MDW), 5200 West 63rd Street, Chicago, IL 60638, USA|CULEX PIPIENS|52| W 63RD ST|T065|5200  W 63RD ST, Chicago, IL|41.778296999999995|-87.752411|9|40|1
2342|2007-08-21|5200 South Nordica Avenue, Chicago, IL 60638, USA|CULEX PIPIENS/RESTUANS|52| S NORDICA|T070|5200  S NORDICA, Chicago, IL|41.797616|-87.797894|8|13|1
2343|2007-08-21|5200 South Nordica Avenue, Chicago, IL 60638, USA|CULEX PIPIENS|52| S NORDICA|T070|5200  S NORDICA, Chicago, IL|41.797616|-87.797894|8|10|1
2360|2007-08-21|4000 South Dearborn Street, Chicago, IL 60609, USA|CULEX PIPIENS/RESTUANS|40| S DEARBORN ST|T081|4000  S DEARBORN ST, Chicago, IL|41.821582|-87.62779599999999|9|16|1
2362|2007-08-21|5000 South Union Avenue, Chicago, IL 60609, USA|CULEX PIPIENS/RESTUANS|50| S UNION AVE|T082|5000  S UNION AVE, Chicago, IL|41.803422999999995|-87.642984|8|8|1
2366|2007-08-21|5200 South Kolmar Avenue, Chicago, IL 60632, USA|CULEX PIPIENS/RESTUANS|52| S KOLMAR|T114|5200  S KOLMAR, Chicago, IL|41.798697|-87.736812|8|8|1
2367|2007-08-21|5200 South Kolmar Avenue, Chicago, IL 60632, USA|CULEX RESTUANS|52| S KOLMAR|T114|5200  S KOLMAR, Chicago, IL|41.798697|-87.736812|8|1|1
2384|2007-08-22|1700 West 95th Street, Chicago, IL 60643, USA|CULEX PIPIENS|17| W 95TH ST|T094|1700  W 95TH ST, Chicago, IL|41.720848|-87.666014|9|28|1
2386|2007-08-22|2200 West 89th Street, Chicago, IL 60643, USA|CULEX PIPIENS/RESTUANS|22| W 89TH ST|T096|2200  W 89TH ST, Chicago, IL|41.731922|-87.677512|8|43|1
2387|2007-08-22|2200 West 89th Street, Chicago, IL 60643, USA|CULEX PIPIENS|22| W 89TH ST|T096|2200  W 89TH ST, Chicago, IL|41.731922|-87.677512|8|35|1
2388|2007-08-22|2200 West 89th Street, Chicago, IL 60643, USA|CULEX PIPIENS|22| W 89TH ST|T096|2200  W 89TH ST, Chicago, IL|41.731922|-87.677512|8|50|1
2389|2007-08-22|8900 South Carpenter Street, Chicago, IL 60620, USA|CULEX PIPIENS/RESTUANS|89| S CARPENTER ST|T159|8900  S CARPENTER ST, Chicago, IL|41.732984|-87.649642|8|24|1
2390|2007-08-22|8900 South Carpenter Street, Chicago, IL 60620, USA|CULEX PIPIENS|89| S CARPENTER ST|T159|8900  S CARPENTER ST, Chicago, IL|41.732984|-87.649642|8|40|1
2394|2007-08-22|4200 West 127th Street, Alsip, IL 60803, USA|CULEX PIPIENS/RESTUANS|42| W 127TH PL|T135|4200  W 127TH PL, Chicago, IL|41.662014|-87.72460799999999|8|50|1
2400|2007-08-22|4200 West 127th Street, Alsip, IL 60803, USA|CULEX PIPIENS|42| W 127TH PL|T135|4200  W 127TH PL, Chicago, IL|41.662014|-87.72460799999999|8|50|1
2407|2007-08-22|1100 North Artesian Avenue, Chicago, IL 60622, USA|CULEX PIPIENS/RESTUANS|11| S ARTESIAN AVE|T160|1100  S ARTESIAN AVE, Chicago, IL|41.903002|-87.68826700000001|8|9|1
2414|2007-08-22|South Doty Avenue, Chicago, IL, USA|CULEX PIPIENS|12| S DOTY AVE|T115|1200  S DOTY AVE, Chicago, IL|41.673408|-87.599862|5|50|1
2420|2007-08-22|South Doty Avenue, Chicago, IL, USA|CULEX PIPIENS|12| S DOTY AVE|T115|1200  S DOTY AVE, Chicago, IL|41.673408|-87.599862|5|50|1
2422|2007-08-22|South Doty Avenue, Chicago, IL, USA|CULEX PIPIENS|12| S DOTY AVE|T115|1200  S DOTY AVE, Chicago, IL|41.673408|-87.599862|5|50|1
2435|2007-08-22|South Doty Avenue, Chicago, IL, USA|CULEX PIPIENS|12| S DOTY AVE|T115|1200  S DOTY AVE, Chicago, IL|41.673408|-87.599862|5|50|1
2437|2007-08-22|South Doty Avenue, Chicago, IL, USA|CULEX PIPIENS|12| S DOTY AVE|T115|1200  S DOTY AVE, Chicago, IL|41.673408|-87.599862|5|4|1
2438|2007-08-22|South Doty Avenue, Chicago, IL, USA|CULEX PIPIENS|12| S DOTY AVE|T115|1200  S DOTY AVE, Chicago, IL|41.673408|-87.599862|5|50|1
2442|2007-08-22|South Doty Avenue, Chicago, IL, USA|CULEX PIPIENS|12| S DOTY AVE|T115|1200  S DOTY AVE, Chicago, IL|41.673408|-87.599862|5|50|1
2446|2007-08-22|South Stony Island Avenue, Chicago, IL, USA|CULEX PIPIENS/RESTUANS|10| S STONY ISLAND AVE|T138|1000  S STONY ISLAND AVE, Chicago, IL|41.726465000000005|-87.585413|5|50|1
2448|2007-08-22|South Stony Island Avenue, Chicago, IL, USA|CULEX PIPIENS|10| S STONY ISLAND AVE|T138|1000  S STONY ISLAND AVE, Chicago, IL|41.726465000000005|-87.585413|5|50|1
2458|2007-08-22|South Stony Island Avenue, Chicago, IL, USA|CULEX PIPIENS|10| S STONY ISLAND AVE|T138|1000  S STONY ISLAND AVE, Chicago, IL|41.726465000000005|-87.585413|5|50|1
2459|2007-08-22|South Stony Island Avenue, Chicago, IL, USA|CULEX PIPIENS|10| S STONY ISLAND AVE|T138|1000  S STONY ISLAND AVE, Chicago, IL|41.726465000000005|-87.585413|5|50|1
2460|2007-08-22|South Stony Island Avenue, Chicago, IL, USA|CULEX PIPIENS|10| S STONY ISLAND AVE|T138|1000  S STONY ISLAND AVE, Chicago, IL|41.726465000000005|-87.585413|5|50|1
2462|2007-08-22|South Stony Island Avenue, Chicago, IL, USA|CULEX PIPIENS|10| S STONY ISLAND AVE|T138|1000  S STONY ISLAND AVE, Chicago, IL|41.726465000000005|-87.585413|5|50|1
2463|2007-08-22|South Stony Island Avenue, Chicago, IL, USA|CULEX PIPIENS|10| S STONY ISLAND AVE|T138|1000  S STONY ISLAND AVE, Chicago, IL|41.726465000000005|-87.585413|5|50|1
2474|2007-08-22|South Torrence Avenue, Chicago, IL, USA|CULEX PIPIENS|13| S TORRENCE AVE|T200|1300  S TORRENCE AVE, Chicago, IL|41.678618|-87.559308|5|47|1
2478|2007-08-22|South Brandon Avenue, Chicago, IL 60617, USA|CULEX PIPIENS|13| S BRANDON|T209|1300  S BRANDON, Chicago, IL|41.740641|-87.546587|5|25|1
2485|2007-08-22|3800 East 115th Street, Chicago, IL 60617, USA|CULEX PIPIENS/RESTUANS|38| E 115TH ST|T215|3800  E 115TH ST, Chicago, IL|41.686398|-87.531635|8|22|1
2488|2007-08-22|East 91st Street, Chicago, IL, USA|CULEX PIPIENS/RESTUANS|81| E 91ST ST|T107|8100  E 91ST ST, Chicago, IL|41.729669|-87.582699|5|3|1
2490|2007-08-22|2400 East 105th Street, Chicago, IL 60617, USA|CULEX PIPIENS/RESTUANS|24| E 105TH ST|T128|2400  E 105TH ST, Chicago, IL|41.704572|-87.56566600000001|8|50|1
2491|2007-08-22|2400 East 105th Street, Chicago, IL 60617, USA|CULEX PIPIENS/RESTUANS|24| E 105TH ST|T128|2400  E 105TH ST, Chicago, IL|41.704572|-87.56566600000001|8|50|1
2493|2007-08-22|2400 East 105th Street, Chicago, IL 60617, USA|CULEX PIPIENS|24| E 105TH ST|T128|2400  E 105TH ST, Chicago, IL|41.704572|-87.56566600000001|8|50|1
2496|2007-08-22|2400 East 105th Street, Chicago, IL 60617, USA|CULEX PIPIENS|24| E 105TH ST|T128|2400  E 105TH ST, Chicago, IL|41.704572|-87.56566600000001|8|50|1
2498|2007-08-22|East 138th Street, Riverdale, IL 60827, USA|CULEX PIPIENS/RESTUANS|82| E 138TH ST|T097|8200  E 138TH ST, Chicago, IL|41.644612|-87.60449799999999|5|10|1
2519|2007-08-22|4000 East 130th Street, Chicago, IL 60633, USA|CULEX PIPIENS|40| E 130TH ST|T221|4000  E 130TH ST, Chicago, IL|41.659112|-87.53869300000001|8|25|1
2520|2007-08-24|4100 North Oak Park Avenue, Chicago, IL 60634, USA|CULEX PIPIENS/RESTUANS|41| N OAK PARK AVE|T002|4100  N OAK PARK AVE, Chicago, IL|41.95469|-87.800991|9|27|1
2539|2007-08-24|2200 West 113th Street, Chicago, IL 60643, USA|CULEX PIPIENS/RESTUANS|22| W 113TH ST|T086|2200  W 113TH ST, Chicago, IL|41.688324|-87.676709|8|49|1
2540|2007-08-24|2200 West 113th Street, Chicago, IL 60643, USA|CULEX PIPIENS|22| W 113TH ST|T086|2200  W 113TH ST, Chicago, IL|41.688324|-87.676709|8|2|1
2541|2007-08-24|2200 West 113th Street, Chicago, IL 60643, USA|CULEX PIPIENS|22| W 113TH ST|T086|2200  W 113TH ST, Chicago, IL|41.688324|-87.676709|8|36|1
2557|2007-08-24|9100 West Higgins Avenue, Chicago, IL 60656, USA|CULEX PIPIENS|91| W HIGGINS AVE|T009|9100  W HIGGINS AVE, Chicago, IL|41.981964000000005|-87.812827|8|28|1
2559|2007-08-24|3600 North Pittsburgh Avenue, Chicago, IL 60634, USA|CULEX PIPIENS|36| N PITTSBURGH AVE|T011|3600  N PITTSBURGH AVE, Chicago, IL|41.944869|-87.832763|8|9|1
2560|2007-08-24|7200 North Oketo Avenue, Chicago, IL 60631, USA|CULEX PIPIENS/RESTUANS|72| N OKETO AVE|T016|7200  N OKETO AVE, Chicago, IL|42.011601|-87.81150600000001|8|9|1
2576|2007-08-24|4200 West 127th Street, Alsip, IL 60803, USA|CULEX PIPIENS/RESTUANS|42| W 127TH PL|T135|4200  W 127TH PL, Chicago, IL|41.662014|-87.72460799999999|8|50|1
2580|2007-08-24|4200 West 127th Street, Alsip, IL 60803, USA|CULEX PIPIENS|42| W 127TH PL|T135|4200  W 127TH PL, Chicago, IL|41.662014|-87.72460799999999|8|50|1
2594|2007-08-24|2500 South Millard Avenue, Chicago, IL 60623, USA|CULEX PIPIENS|25| S MILLARD AVE|T152|2500  S MILLARD AVE, Chicago, IL|41.846075|-87.716277|9|5|1
2595|2007-08-24|2100 North Lawler Avenue, Chicago, IL 60639, USA|CULEX PIPIENS/RESTUANS|21| N LAWLER AVE|T154|2100  N LAWLER AVE, Chicago, IL|41.918704999999996|-87.752329|8|12|1
2607|2007-08-24|4600 Milwaukee Avenue, Chicago, IL 60630, USA|CULEX PIPIENS|46| N MILWAUKEE AVE|T003|4600  N MILWAUKEE AVE, Chicago, IL|41.964242|-87.757639|8|19|1
2613|2007-08-24|6100 North Lemont Avenue, Chicago, IL 60646, USA|CULEX PIPIENS|61| N LEMONT AVE|T012|6100  N LEMONT AVE, Chicago, IL|41.991429|-87.747113|8|5|1
2633|2007-08-24|6400 West Strong Street, Chicago, IL, USA|CULEX PIPIENS|64| W STRONG ST|T014|6400  W STRONG ST, Chicago, IL|41.970248|-87.787992|8|18|1
2640|2007-08-24|3300 North Rutherford Avenue, Chicago, IL 60634, USA|CULEX PIPIENS|33| N RUTHERFORD AVE|T144|3300  N RUTHERFORD AVE, Chicago, IL|41.94016|-87.794896|9|15|1
2642|2007-08-24|1100 North Artesian Avenue, Chicago, IL 60622, USA|CULEX PIPIENS|11| S ARTESIAN AVE|T160|1100  S ARTESIAN AVE, Chicago, IL|41.903002|-87.68826700000001|8|3|1
2643|2007-08-24|6000 West Roscoe Street, Chicago, IL 60634, USA|CULEX PIPIENS/RESTUANS|60| W ROSCOE ST|T005|6000  W ROSCOE ST, Chicago, IL|41.942114000000004|-87.776385|8|5|1
2644|2007-08-24|6000 West Roscoe Street, Chicago, IL 60634, USA|CULEX PIPIENS|60| W ROSCOE ST|T005|6000  W ROSCOE ST, Chicago, IL|41.942114000000004|-87.776385|8|12|1
2645|2007-08-24|3300 West 104th Street, Chicago, IL 60655, USA|CULEX PIPIENS/RESTUANS|33| W 104TH ST|T095|3300  W 104TH ST, Chicago, IL|41.704336|-87.70373599999999|8|6|1
2667|2007-08-24|1000 East 67th Street, Chicago, IL 60637, USA|CULEX PIPIENS|10| E 67TH ST|T073|1000  E 67TH ST, Chicago, IL|41.773215|-87.60088|8|10|1
2676|2007-08-24|7700 South Eberhart Avenue, Chicago, IL 60619, USA|CULEX PIPIENS/RESTUANS|77| S EBERHART AVE|T080|7700  S EBERHART AVE, Chicago, IL|41.754676|-87.612922|9|20|1
2680|2007-08-24|5000 South Union Avenue, Chicago, IL 60609, USA|CULEX PIPIENS/RESTUANS|50| S UNION AVE|T082|5000  S UNION AVE, Chicago, IL|41.803422999999995|-87.642984|8|16|1
2681|2007-08-24|5000 South Union Avenue, Chicago, IL 60609, USA|CULEX PIPIENS|50| S UNION AVE|T082|5000  S UNION AVE, Chicago, IL|41.803422999999995|-87.642984|8|17|1
2683|2007-08-24|7900 South South Chicago Avenue, Chicago, IL 60617, USA|CULEX PIPIENS|79| S CHICAGO AVE|T083|7900  S CHICAGO AVE, Chicago, IL|41.754292|-87.590773|9|14|1
2688|2007-08-24|6300 West 64th Street, Chicago, IL 60638, USA|CULEX PIPIENS|63| W 64TH ST|T155|6300  W 64TH ST, Chicago, IL|41.776156|-87.778927|9|5|1
2710|2007-08-28|South Doty Avenue, Chicago, IL, USA|CULEX PIPIENS/RESTUANS|12| S DOTY AVE|T115|1200  S DOTY AVE, Chicago, IL|41.673408|-87.599862|5|50|1
2711|2007-08-28|South Doty Avenue, Chicago, IL, USA|CULEX PIPIENS/RESTUANS|12| S DOTY AVE|T115|1200  S DOTY AVE, Chicago, IL|41.673408|-87.599862|5|50|1
2715|2007-08-28|South Doty Avenue, Chicago, IL, USA|CULEX PIPIENS|12| S DOTY AVE|T115|1200  S DOTY AVE, Chicago, IL|41.673408|-87.599862|5|50|1
2751|2007-08-28|South Doty Avenue, Chicago, IL, USA|CULEX PIPIENS|12| S DOTY AVE|T115|1200  S DOTY AVE, Chicago, IL|41.673408|-87.599862|5|50|1
2762|2007-08-28|South Stony Island Avenue, Chicago, IL, USA|CULEX PIPIENS|10| S STONY ISLAND AVE|T138|1000  S STONY ISLAND AVE, Chicago, IL|41.726465000000005|-87.585413|5|50|1
2784|2007-08-28|3700 118th Street, Chicago, IL 60617, USA|CULEX PIPIENS|37| E 118TH ST|T212|3700  E 118TH ST, Chicago, IL|41.680946|-87.535198|8|26|1
2793|2007-08-28|East 91st Street, Chicago, IL, USA|CULEX PIPIENS/RESTUANS|81| E 91ST ST|T107|8100  E 91ST ST, Chicago, IL|41.729669|-87.582699|5|4|1
2800|2007-08-28|2400 East 105th Street, Chicago, IL 60617, USA|CULEX PIPIENS|24| E 105TH ST|T128|2400  E 105TH ST, Chicago, IL|41.704572|-87.56566600000001|8|49|1
2821|2007-08-28|South Avenue L, Chicago, IL 60617, USA|CULEX PIPIENS|11| S AVENUE L|T103|1100  S AVENUE L, Chicago, IL|41.702723999999996|-87.536497|5|50|1
2826|2007-09-04|4100 North Oak Park Avenue, Chicago, IL 60634, USA|CULEX PIPIENS/RESTUANS|41| N OAK PARK AVE|T002|4100  N OAK PARK AVE, Chicago, IL|41.95469|-87.800991|9|10|1
2827|2007-09-04|4100 North Oak Park Avenue, Chicago, IL 60634, USA|CULEX PIPIENS|41| N OAK PARK AVE|T002|4100  N OAK PARK AVE, Chicago, IL|41.95469|-87.800991|9|13|1
2854|2007-09-04|5800 North Western Avenue, Chicago, IL 60659, USA|CULEX PIPIENS/RESTUANS|58| N WESTERN AVE|T028|5800  N WESTERN AVE, Chicago, IL|41.986921|-87.689778|9|1|1
2855|2007-09-04|5800 North Western Avenue, Chicago, IL 60659, USA|CULEX PIPIENS|58| N WESTERN AVE|T028|5800  N WESTERN AVE, Chicago, IL|41.986921|-87.689778|9|5|1
2865|2007-09-04|4500 North Campbell Avenue, Chicago, IL 60625, USA|CULEX PIPIENS|45| N CAMPBELL AVE|T220|4500  N CAMPBELL AVE, Chicago, IL|41.963976|-87.69181|9|1|1
2873|2007-09-04|6800 West Belden Avenue, Chicago, IL 60707, USA|CULEX PIPIENS/RESTUANS|68| W BELDEN AVE|T037|6800  W BELDEN AVE, Chicago, IL|41.921177|-87.79518|8|3|1
2899|2007-09-04|2200 West 51st Street, Chicago, IL 60609, USA|CULEX PIPIENS|22| W 51ST ST|T061|2200  W 51ST ST, Chicago, IL|41.801179|-87.679447|8|13|1
2915|2007-09-04|3700 South Pulaski Road, Chicago, IL 60623, USA|CULEX PIPIENS/RESTUANS|37| S PULASKI RD|T063|3700  S PULASKI RD, Chicago, IL|41.82561|-87.726549|9|2|1
2920|2007-09-05|2200 West 113th Street, Chicago, IL 60643, USA|CULEX PIPIENS|22| W 113TH ST|T086|2200  W 113TH ST, Chicago, IL|41.688324|-87.676709|8|13|1
2921|2007-09-05|1100 South Peoria Street, Chicago, IL 60608, USA|CULEX PIPIENS/RESTUANS|11| S PEORIA ST|T091|1100  S PEORIA ST, Chicago, IL|41.862292|-87.64886|8|7|1
2924|2007-09-05|2200 West 89th Street, Chicago, IL 60643, USA|CULEX PIPIENS/RESTUANS|22| W 89TH ST|T096|2200  W 89TH ST, Chicago, IL|41.731922|-87.677512|8|13|1
2930|2007-09-05|4200 West 127th Street, Alsip, IL 60803, USA|CULEX PIPIENS|42| W 127TH PL|T135|4200  W 127TH PL, Chicago, IL|41.662014|-87.72460799999999|8|38|1
2935|2007-09-05|1000 West 95th Street, Chicago, IL 60643, USA|CULEX PIPIENS|10| W 95TH ST|T085|1000  W 95TH ST, Chicago, IL|41.721474|-87.648064|8|4|1
2944|2007-09-05|3900 South Ashland Avenue, Chicago, IL 60609, USA|CULEX PIPIENS|39| S ASHLAND AVE|T074|3900  S ASHLAND AVE, Chicago, IL|41.822536|-87.66634300000001|9|3|1
2969|2007-09-05|South Doty Avenue, Chicago, IL, USA|CULEX PIPIENS|12| S DOTY AVE|T115|1200  S DOTY AVE, Chicago, IL|41.673408|-87.599862|5|50|1
2979|2007-09-05|South Doty Avenue, Chicago, IL, USA|CULEX PIPIENS|12| S DOTY AVE|T115|1200  S DOTY AVE, Chicago, IL|41.673408|-87.599862|5|50|1
2984|2007-09-05|South Doty Avenue, Chicago, IL, USA|CULEX PIPIENS|12| S DOTY AVE|T115|1200  S DOTY AVE, Chicago, IL|41.673408|-87.599862|5|50|1
3005|2007-09-05|South Avenue L, Chicago, IL 60617, USA|CULEX PIPIENS|11| S AVENUE L|T103|1100  S AVENUE L, Chicago, IL|41.702723999999996|-87.536497|5|23|1
3039|2007-09-06|South Stony Island Avenue, Chicago, IL, USA|CULEX PIPIENS|10| S STONY ISLAND AVE|T138|1000  S STONY ISLAND AVE, Chicago, IL|41.726465000000005|-87.585413|5|50|1
3049|2007-09-06|3700 118th Street, Chicago, IL 60617, USA|CULEX PIPIENS/RESTUANS|37| E 118TH ST|T212|3700  E 118TH ST, Chicago, IL|41.680946|-87.535198|8|21|1
3060|2007-09-12|4100 North Oak Park Avenue, Chicago, IL 60634, USA|CULEX PIPIENS|41| N OAK PARK AVE|T002|4100  N OAK PARK AVE, Chicago, IL|41.95469|-87.800991|9|6|1
3078|2007-09-12|3600 North Pittsburgh Avenue, Chicago, IL 60634, USA|CULEX PIPIENS/RESTUANS|36| N PITTSBURGH AVE|T011|3600  N PITTSBURGH AVE, Chicago, IL|41.944869|-87.832763|8|10|1
3142|2007-09-12|7300 Cicero Avenue, Chicago, IL 60638, USA|CULEX PIPIENS/RESTUANS|73| S CICERO AVE|T067|7300  S CICERO AVE, Chicago, IL|41.759346|-87.745602|9|16|1
3149|2007-09-12|1000 East 67th Street, Chicago, IL 60637, USA|CULEX PIPIENS|10| E 67TH ST|T073|1000  E 67TH ST, Chicago, IL|41.773215|-87.60088|8|1|1
3155|2007-09-12|5200 South Kolmar Avenue, Chicago, IL 60632, USA|CULEX PIPIENS/RESTUANS|52| S KOLMAR|T114|5200  S KOLMAR, Chicago, IL|41.798697|-87.736812|8|9|1
3366|2007-09-19|South Doty Avenue, Chicago, IL, USA|CULEX PIPIENS|12| S DOTY AVE|T115|1200  S DOTY AVE, Chicago, IL|41.673408|-87.599862|5|26|1
3551|2007-09-24|South Doty Avenue, Chicago, IL, USA|CULEX PIPIENS|12| S DOTY AVE|T115|1200  S DOTY AVE, Chicago, IL|41.673408|-87.599862|5|50|1
3552|2007-09-24|South Doty Avenue, Chicago, IL, USA|CULEX PIPIENS|12| S DOTY AVE|T115|1200  S DOTY AVE, Chicago, IL|41.673408|-87.599862|5|50|1
3733|2007-10-04|3500 West 51st Street, Chicago, IL 60632, USA|CULEX PIPIENS|35| W 51ST ST|T062|3500  W 51ST ST, Chicago, IL|41.800737|-87.71188000000001|8|12|1
3783|2007-10-04|6600 South Kilpatrick Avenue, Chicago, IL 60629, USA|CULEX PIPIENS|66| S KILPATRICK AVE|T156|6600  S KILPATRICK AVE, Chicago, IL|41.772846|-87.740029|9|8|1
4890|2009-07-24|4100 North Oak Park Avenue, Chicago, IL 60634, USA|CULEX PIPIENS/RESTUANS|41| N OAK PARK AVE|T002|4100  N OAK PARK AVE, Chicago, IL|41.95469|-87.800991|9|50|1
4917|2009-07-24|5000 South Central Avenue, Chicago, IL 60638, USA|CULEX PIPIENS/RESTUANS|50| S CENTRAL AVE|T031|5000  S CENTRAL AVE, Chicago, IL|41.801497999999995|-87.763416|9|38|1
5008|2009-07-27|3300 West 104th Street, Chicago, IL 60655, USA|CULEX PIPIENS/RESTUANS|33| W 104TH ST|T095|3300  W 104TH ST, Chicago, IL|41.704336|-87.70373599999999|8|12|1
5009|2009-07-27|3300 West 104th Street, Chicago, IL 60655, USA|CULEX RESTUANS|33| W 104TH ST|T095|3300  W 104TH ST, Chicago, IL|41.704336|-87.70373599999999|8|8|1
5191|2009-07-31|8200 South Kostner Avenue, Chicago, IL 60652, USA|CULEX PIPIENS/RESTUANS|82| S KOSTNER AVE|T225|8200  S KOSTNER AVE, Chicago, IL|41.743402|-87.731435|8|50|1
5352|2009-08-13|University of Illinois at Chicago, 1100 South Ashland Avenue, Chicago, IL 60607, USA|CULEX PIPIENS/RESTUANS|11| S ASHLAND AVE|T090|1100  S ASHLAND AVE, Chicago, IL|41.868077|-87.666901|9|29|1
5376|2009-08-13|1100 North Artesian Avenue, Chicago, IL 60622, USA|CULEX RESTUANS|11| S ARTESIAN AVE|T160|1100  S ARTESIAN AVE, Chicago, IL|41.903002|-87.68826700000001|8|1|1
5451|2009-08-25|3600 North Pittsburgh Avenue, Chicago, IL 60634, USA|CULEX PIPIENS/RESTUANS|36| N PITTSBURGH AVE|T011|3600  N PITTSBURGH AVE, Chicago, IL|41.944869|-87.832763|8|26|1
5486|2009-08-25|South Cottage Grove Avenue, Chicago, IL, USA|CULEX PIPIENS/RESTUANS|10| S COTTAGE GROVE|T102|1000  S COTTAGE GROVE, Chicago, IL|41.750498|-87.605294|5|1|1
5487|2009-08-25|4000 East 130th Street, Chicago, IL 60633, USA|CULEX PIPIENS/RESTUANS|40| E 130TH ST|T221|4000  E 130TH ST, Chicago, IL|41.659112|-87.53869300000001|8|4|1
5489|2009-08-25|9100 West Higgins Road, Rosemont, IL 60018, USA|CULEX PIPIENS/RESTUANS|91| W HIGGINS RD|T009|9100  W HIGGINS RD, Chicago, IL|41.992478000000006|-87.862995|8|42|1
5497|2009-08-25|ORD Terminal 5, O'Hare International Airport, Chicago, IL 60666, USA|CULEX PIPIENS/RESTUANS|10| W OHARE AIRPORT|T900|1000  W OHARE AIRPORT, Chicago, IL|41.974689|-87.890615|9|50|1
5509|2009-08-25|Ohare Court, Bensenville, IL 60106, USA|CULEX PIPIENS/RESTUANS|10| W OHARE|T903|1000  W OHARE, Chicago, IL|41.957799|-87.930995|5|50|1
5510|2009-08-25|Ohare Court, Bensenville, IL 60106, USA|CULEX RESTUANS|10| W OHARE|T903|1000  W OHARE, Chicago, IL|41.957799|-87.930995|5|14|1
5624|2009-09-03|ORD Terminal 5, O'Hare International Airport, Chicago, IL 60666, USA|CULEX RESTUANS|10| W OHARE AIRPORT|T900|1000  W OHARE AIRPORT, Chicago, IL|41.974689|-87.890615|9|5|1
5661|2009-09-14|3500 West 116th Street, Chicago, IL 60655, USA|CULEX PIPIENS/RESTUANS|35| W 116TH ST|T158|3500  W 116TH ST, Chicago, IL|41.682587|-87.707973|9|9|1
5740|2009-09-14|1300 North Laramie Avenue, Chicago, IL 60651, USA|CULEX PIPIENS/RESTUANS|13| N LARAMIE AVE|T230|1300  N LARAMIE AVE, Chicago, IL|41.904194|-87.756155|9|8|1
5742|2009-09-14|3900 North Springfield Avenue, Chicago, IL 60618, USA|CULEX RESTUANS|39| N SPRINGFIELD AVE|T228|3900  N SPRINGFIELD AVE, Chicago, IL|41.951865999999995|-87.72505699999999|8|2|1
5921|2009-09-25|6100 West Fullerton Avenue, Chicago, IL 60639, USA|CULEX RESTUANS|61| W FULLERTON AVE|T013|6100  W FULLERTON AVE, Chicago, IL|41.923738|-87.785288|9|1|1
6889|2011-07-25|ORD Terminal 5, O'Hare International Airport, Chicago, IL 60666, USA|CULEX PIPIENS/RESTUANS|10| W OHARE AIRPORT|T900|1000  W OHARE AIRPORT, Chicago, IL|41.974689|-87.890615|9|37|1
6898|2011-07-25|ORD Terminal 5, O'Hare International Airport, Chicago, IL 60666, USA|CULEX RESTUANS|10| W OHARE AIRPORT|T900|1000  W OHARE AIRPORT, Chicago, IL|41.974689|-87.890615|9|21|1
6923|2011-07-25|8200 South Kostner Avenue, Chicago, IL 60652, USA|CULEX RESTUANS|82| S KOSTNER AVE|T225|8200  S KOSTNER AVE, Chicago, IL|41.743402|-87.731435|8|16|1
6961|2011-07-29|5000 South Central Avenue, Chicago, IL 60638, USA|CULEX PIPIENS/RESTUANS|50| S CENTRAL AVE|T031|5000  S CENTRAL AVE, Chicago, IL|41.801497999999995|-87.763416|9|50|1
6967|2011-07-29|University of Illinois at Chicago, 1100 South Ashland Avenue, Chicago, IL 60607, USA|CULEX RESTUANS|11| S ASHLAND AVE|T090|1100  S ASHLAND AVE, Chicago, IL|41.868077|-87.666901|9|8|1
7043|2011-07-29|ORD Terminal 5, O'Hare International Airport, Chicago, IL 60666, USA|CULEX PIPIENS/RESTUANS|10| W OHARE AIRPORT|T900|1000  W OHARE AIRPORT, Chicago, IL|41.974689|-87.890615|9|21|1
7045|2011-07-29|ORD Terminal 5, O'Hare International Airport, Chicago, IL 60666, USA|CULEX PIPIENS/RESTUANS|10| W OHARE AIRPORT|T900|1000  W OHARE AIRPORT, Chicago, IL|41.974689|-87.890615|9|21|1
7048|2011-07-29|ORD Terminal 5, O'Hare International Airport, Chicago, IL 60666, USA|CULEX RESTUANS|10| W OHARE AIRPORT|T900|1000  W OHARE AIRPORT, Chicago, IL|41.974689|-87.890615|9|17|1
7055|2011-07-29|Ohare Court, Bensenville, IL 60106, USA|CULEX PIPIENS/RESTUANS|10| W OHARE|T903|1000  W OHARE, Chicago, IL|41.957799|-87.930995|5|18|1
7057|2011-07-29|Ohare Court, Bensenville, IL 60106, USA|CULEX RESTUANS|10| W OHARE|T903|1000  W OHARE, Chicago, IL|41.957799|-87.930995|5|10|1
7062|2011-07-29|5100 North Mont Clare Avenue, Chicago, IL 60656, USA|CULEX PIPIENS/RESTUANS|51| N MONT CLARE AVE|T223|5100  N MONT CLARE AVE, Chicago, IL|41.973845000000004|-87.805059|9|50|1
7123|2011-08-05|7000 North Moselle Avenue, Chicago, IL 60646, USA|CULEX PIPIENS/RESTUANS|70| N MOSELL AVE|T008|7000  N MOSELL AVE, Chicago, IL|42.008314|-87.77792099999999|9|23|1
7187|2011-08-05|ORD Terminal 5, O'Hare International Airport, Chicago, IL 60666, USA|CULEX PIPIENS/RESTUANS|10| W OHARE AIRPORT|T900|1000  W OHARE AIRPORT, Chicago, IL|41.974689|-87.890615|9|11|1
7189|2011-08-05|ORD Terminal 5, O'Hare International Airport, Chicago, IL 60666, USA|CULEX PIPIENS/RESTUANS|10| W OHARE AIRPORT|T900|1000  W OHARE AIRPORT, Chicago, IL|41.974689|-87.890615|9|16|1
7197|2011-08-05|Ohare Court, Bensenville, IL 60106, USA|CULEX PIPIENS/RESTUANS|10| W OHARE|T903|1000  W OHARE, Chicago, IL|41.957799|-87.930995|5|39|1
7198|2011-08-05|Ohare Court, Bensenville, IL 60106, USA|CULEX RESTUANS|10| W OHARE|T903|1000  W OHARE, Chicago, IL|41.957799|-87.930995|5|7|1
7264|2011-08-12|3300 West 104th Street, Chicago, IL 60655, USA|CULEX PIPIENS/RESTUANS|33| W 104TH ST|T095|3300  W 104TH ST, Chicago, IL|41.704336|-87.70373599999999|8|4|1
7280|2011-08-12|4000 South Dearborn Street, Chicago, IL 60609, USA|CULEX PIPIENS|40| S DEARBORN ST|T081|4000  S DEARBORN ST, Chicago, IL|41.821582|-87.62779599999999|9|1|1
7287|2011-08-12|South Doty Avenue, Chicago, IL, USA|CULEX PIPIENS/RESTUANS|12| S DOTY AVE|T115|1200  S DOTY AVE, Chicago, IL|41.673408|-87.599862|5|39|1
7308|2011-08-12|ORD Terminal 5, O'Hare International Airport, Chicago, IL 60666, USA|CULEX PIPIENS/RESTUANS|10| W OHARE AIRPORT|T900|1000  W OHARE AIRPORT, Chicago, IL|41.974689|-87.890615|9|50|1
7309|2011-08-12|ORD Terminal 5, O'Hare International Airport, Chicago, IL 60666, USA|CULEX PIPIENS/RESTUANS|10| W OHARE AIRPORT|T900|1000  W OHARE AIRPORT, Chicago, IL|41.974689|-87.890615|9|3|1
7311|2011-08-12|ORD Terminal 5, O'Hare International Airport, Chicago, IL 60666, USA|CULEX PIPIENS/RESTUANS|10| W OHARE AIRPORT|T900|1000  W OHARE AIRPORT, Chicago, IL|41.974689|-87.890615|9|50|1
7313|2011-08-12|ORD Terminal 5, O'Hare International Airport, Chicago, IL 60666, USA|CULEX PIPIENS/RESTUANS|10| W OHARE AIRPORT|T900|1000  W OHARE AIRPORT, Chicago, IL|41.974689|-87.890615|9|7|1
7322|2011-08-12|ORD Terminal 5, O'Hare International Airport, Chicago, IL 60666, USA|CULEX PIPIENS|10| W OHARE AIRPORT|T900|1000  W OHARE AIRPORT, Chicago, IL|41.974689|-87.890615|9|11|1
7325|2011-08-12|Ohare Court, Bensenville, IL 60106, USA|CULEX PIPIENS/RESTUANS|10| W OHARE|T903|1000  W OHARE, Chicago, IL|41.957799|-87.930995|5|50|1
7326|2011-08-12|Ohare Court, Bensenville, IL 60106, USA|CULEX PIPIENS/RESTUANS|10| W OHARE|T903|1000  W OHARE, Chicago, IL|41.957799|-87.930995|5|8|1
7331|2011-08-12|5100 North Mont Clare Avenue, Chicago, IL 60656, USA|CULEX RESTUANS|51| N MONT CLARE AVE|T223|5100  N MONT CLARE AVE, Chicago, IL|41.973845000000004|-87.805059|9|3|1
7357|2011-08-19|5800 North Western Avenue, Chicago, IL 60659, USA|CULEX PIPIENS/RESTUANS|58| N WESTERN AVE|T028|5800  N WESTERN AVE, Chicago, IL|41.986921|-87.689778|9|4|1
7399|2011-08-19|1000 East 67th Street, Chicago, IL 60637, USA|CULEX PIPIENS/RESTUANS|10| E 67TH ST|T073|1000  E 67TH ST, Chicago, IL|41.773215|-87.60088|8|16|1
7440|2011-08-19|ORD Terminal 5, O'Hare International Airport, Chicago, IL 60666, USA|CULEX PIPIENS|10| W OHARE AIRPORT|T900|1000  W OHARE AIRPORT, Chicago, IL|41.974689|-87.890615|9|37|1
7441|2011-08-19|ORD Terminal 5, O'Hare International Airport, Chicago, IL 60666, USA|CULEX PIPIENS|10| W OHARE AIRPORT|T900|1000  W OHARE AIRPORT, Chicago, IL|41.974689|-87.890615|9|31|1
7531|2011-08-26|5200 South Kolmar Avenue, Chicago, IL 60632, USA|CULEX PIPIENS/RESTUANS|52| S KOLMAR|T114|5200  S KOLMAR, Chicago, IL|41.798697|-87.736812|8|46|1
7554|2011-08-26|ORD Terminal 5, O'Hare International Airport, Chicago, IL 60666, USA|CULEX RESTUANS|10| W OHARE AIRPORT|T900|1000  W OHARE AIRPORT, Chicago, IL|41.974689|-87.890615|9|9|1
7558|2011-08-26|5100 North Mont Clare Avenue, Chicago, IL 60656, USA|CULEX PIPIENS/RESTUANS|51| N MONT CLARE AVE|T223|5100  N MONT CLARE AVE, Chicago, IL|41.973845000000004|-87.805059|9|5|1
7559|2011-08-26|8200 South Kostner Avenue, Chicago, IL 60652, USA|CULEX PIPIENS/RESTUANS|82| S KOSTNER AVE|T225|8200  S KOSTNER AVE, Chicago, IL|41.743402|-87.731435|8|3|1
7588|2011-09-01|7000 West Armitage Avenue, Chicago, IL 60707, USA|CULEX PIPIENS/RESTUANS|70|  W ARMITAGE AVENUE|T151|7000   W ARMITAGE AVENUE, Chicago, IL|41.916265|-87.800515|8|37|1
7592|2011-09-01|4600 Milwaukee Avenue, Chicago, IL 60630, USA|CULEX PIPIENS/RESTUANS|46| N MILWAUKEE AVE|T003|4600  N MILWAUKEE AVE, Chicago, IL|41.964242|-87.757639|8|36|1
7618|2011-09-01|5800 North Pulaski Road, Chicago, IL 60646, USA|CULEX PIPIENS/RESTUANS|58| N PULASKI RD|T027|5800  N PULASKI RD, Chicago, IL|41.984809000000006|-87.728492|8|5|1
7624|2011-09-01|5100 North Mont Clare Avenue, Chicago, IL 60656, USA|CULEX PIPIENS/RESTUANS|51| N MONT CLARE AVE|T223|5100  N MONT CLARE AVE, Chicago, IL|41.973845000000004|-87.805059|9|11|1
7644|2011-09-02|3500 West 116th Street, Chicago, IL 60655, USA|CULEX PIPIENS/RESTUANS|35| W 116TH ST|T158|3500  W 116TH ST, Chicago, IL|41.682587|-87.707973|9|13|1
7661|2011-09-02|ORD Terminal 5, O'Hare International Airport, Chicago, IL 60666, USA|CULEX PIPIENS/RESTUANS|10| W OHARE AIRPORT|T900|1000  W OHARE AIRPORT, Chicago, IL|41.974689|-87.890615|9|23|1
7681|2011-09-02|Ohare Court, Bensenville, IL 60106, USA|CULEX PIPIENS|10| W OHARE|T903|1000  W OHARE, Chicago, IL|41.957799|-87.930995|5|12|1
7722|2011-09-12|3700 North Kedvale Avenue, Chicago, IL 60641, USA|CULEX PIPIENS/RESTUANS|37| N KEDVALE AVE|T218|3700  N KEDVALE AVE, Chicago, IL|41.948167|-87.730698|8|6|1
7724|2011-09-12|4600 Milwaukee Avenue, Chicago, IL 60630, USA|CULEX PIPIENS/RESTUANS|46| N MILWAUKEE AVE|T003|4600  N MILWAUKEE AVE, Chicago, IL|41.964242|-87.757639|8|22|1
7743|2011-09-12|1700 North Pulaski Road, Chicago, IL 60639, USA|CULEX PIPIENS/RESTUANS|17| N PULASKI RD|T039|1700  N PULASKI RD, Chicago, IL|41.911823999999996|-87.726737|9|3|1
7786|2011-09-12|ORD Terminal 5, O'Hare International Airport, Chicago, IL 60666, USA|CULEX PIPIENS/RESTUANS|10| W OHARE AIRPORT|T900|1000  W OHARE AIRPORT, Chicago, IL|41.974689|-87.890615|9|24|1
7791|2011-09-12|ORD Terminal 5, O'Hare International Airport, Chicago, IL 60666, USA|CULEX RESTUANS|10| W OHARE AIRPORT|T900|1000  W OHARE AIRPORT, Chicago, IL|41.974689|-87.890615|9|1|1
7807|2011-09-12|1300 North Laramie Avenue, Chicago, IL 60651, USA|CULEX PIPIENS/RESTUANS|13| N LARAMIE AVE|T230|1300  N LARAMIE AVE, Chicago, IL|41.904194|-87.756155|9|24|1
7883|2011-09-16|7900 South South Chicago Avenue, Chicago, IL 60617, USA|CULEX PIPIENS/RESTUANS|79| S CHICAGO AVE|T083|7900  S CHICAGO AVE, Chicago, IL|41.754292|-87.590773|9|9|1
7884|2011-09-16|5200 South Kolmar Avenue, Chicago, IL 60632, USA|CULEX PIPIENS/RESTUANS|52| S KOLMAR|T114|5200  S KOLMAR, Chicago, IL|41.798697|-87.736812|8|36|1
7919|2011-09-16|Ohare Court, Bensenville, IL 60106, USA|CULEX PIPIENS|10| W OHARE|T903|1000  W OHARE, Chicago, IL|41.957799|-87.930995|5|16|1
7944|2011-09-23|4100 North Oak Park Avenue, Chicago, IL 60634, USA|CULEX PIPIENS/RESTUANS|41| N OAK PARK AVE|T002|4100  N OAK PARK AVE, Chicago, IL|41.95469|-87.800991|9|13|1
7969|2011-09-23|7000 West Armitage Avenue, Chicago, IL 60707, USA|CULEX PIPIENS/RESTUANS|70|  W ARMITAGE AVENUE|T151|7000   W ARMITAGE AVENUE, Chicago, IL|41.916265|-87.800515|8|29|1
7975|2011-09-23|3700 North Kedvale Avenue, Chicago, IL 60641, USA|CULEX PIPIENS/RESTUANS|37| N KEDVALE AVE|T218|3700  N KEDVALE AVE, Chicago, IL|41.948167|-87.730698|8|18|1
7979|2011-09-23|4600 Milwaukee Avenue, Chicago, IL 60630, USA|CULEX PIPIENS/RESTUANS|46| N MILWAUKEE AVE|T003|4600  N MILWAUKEE AVE, Chicago, IL|41.964242|-87.757639|8|43|1
7981|2011-09-23|6100 West Fullerton Avenue, Chicago, IL 60639, USA|CULEX PIPIENS/RESTUANS|61| W FULLERTON AVE|T013|6100  W FULLERTON AVE, Chicago, IL|41.923738|-87.785288|9|46|1
8034|2011-09-23|5100 North Mont Clare Avenue, Chicago, IL 60656, USA|CULEX PIPIENS/RESTUANS|51| N MONT CLARE AVE|T223|5100  N MONT CLARE AVE, Chicago, IL|41.973845000000004|-87.805059|9|24|1
8490|2013-06-28|1700 West 95th Street, Chicago, IL 60643, USA|CULEX PIPIENS/RESTUANS|17| W 95TH ST|T094|1700  W 95TH ST, Chicago, IL|41.720848|-87.666014|9|38|1
8691|2013-07-12|8900 South Carpenter Street, Chicago, IL 60620, USA|CULEX PIPIENS/RESTUANS|89| S CARPENTER ST|T159|8900  S CARPENTER ST, Chicago, IL|41.732984|-87.649642|8|27|1
8715|2013-07-12|3500 West 116th Street, Chicago, IL 60655, USA|CULEX RESTUANS|35| W 116TH ST|T158|3500  W 116TH ST, Chicago, IL|41.682587|-87.707973|9|36|1
8721|2013-07-12|7000 North Moselle Avenue, Chicago, IL 60646, USA|CULEX PIPIENS/RESTUANS|70| N MOSELL AVE|T008|7000  N MOSELL AVE, Chicago, IL|42.008314|-87.77792099999999|9|33|1
8722|2013-07-12|7000 North Moselle Avenue, Chicago, IL 60646, USA|CULEX RESTUANS|70| N MOSELL AVE|T008|7000  N MOSELL AVE, Chicago, IL|42.008314|-87.77792099999999|9|45|1
8754|2013-07-12|1000 East 67th Street, Chicago, IL 60637, USA|CULEX RESTUANS|10| E 67TH ST|T073|1000  E 67TH ST, Chicago, IL|41.773215|-87.60088|8|9|1
8837|2013-07-12|3900 North Springfield Avenue, Chicago, IL 60618, USA|CULEX RESTUANS|39| N SPRINGFIELD AVE|T228|3900  N SPRINGFIELD AVE, Chicago, IL|41.951865999999995|-87.72505699999999|8|29|1
8842|2013-07-12|5800 North Ridge Avenue, Chicago, IL 60660, USA|CULEX RESTUANS|58| N RIDGE AVE|T231|5800  N RIDGE AVE, Chicago, IL|41.98728|-87.666066|8|19|1
8854|2013-07-19|1100 Roosevelt Road, Chicago, IL 60608, USA|CULEX PIPIENS/RESTUANS|11| W ROOSEVELT|T048|1100  W ROOSEVELT, Chicago, IL|41.867108|-87.654224|8|37|1
8870|2013-07-19|5000 South Central Avenue, Chicago, IL 60638, USA|CULEX PIPIENS/RESTUANS|50| S CENTRAL AVE|T031|5000  S CENTRAL AVE, Chicago, IL|41.801497999999995|-87.763416|9|16|1
8892|2013-07-19|4600 Milwaukee Avenue, Chicago, IL 60630, USA|CULEX PIPIENS/RESTUANS|46| N MILWAUKEE AVE|T003|4600  N MILWAUKEE AVE, Chicago, IL|41.964242|-87.757639|8|7|1
8894|2013-07-19|7000 North Moselle Avenue, Chicago, IL 60646, USA|CULEX PIPIENS/RESTUANS|70| N MOSELL AVE|T008|7000  N MOSELL AVE, Chicago, IL|42.008314|-87.77792099999999|9|50|1
8905|2013-07-19|6100 West Fullerton Avenue, Chicago, IL 60639, USA|CULEX PIPIENS/RESTUANS|61| W FULLERTON AVE|T013|6100  W FULLERTON AVE, Chicago, IL|41.923738|-87.785288|9|23|1
8910|2013-07-19|1000 North Central Park Avenue, Chicago, IL 60651, USA|CULEX PIPIENS/RESTUANS|10| N CENTRAL PARK DR|T030|1000  N CENTRAL PARK DR, Chicago, IL|41.899229999999996|-87.716788|9|50|1
8959|2013-07-19|2400 East 105th Street, Chicago, IL 60617, USA|CULEX RESTUANS|24| E 105TH ST|T128|2400  E 105TH ST, Chicago, IL|41.704572|-87.56566600000001|8|13|1
8977|2013-07-19|ORD Terminal 5, O'Hare International Airport, Chicago, IL 60666, USA|CULEX PIPIENS/RESTUANS|10| W OHARE AIRPORT|T900|1000  W OHARE AIRPORT, Chicago, IL|41.974689|-87.890615|9|49|1
8986|2013-07-19|ORD Terminal 5, O'Hare International Airport, Chicago, IL 60666, USA|CULEX RESTUANS|10| W OHARE AIRPORT|T900|1000  W OHARE AIRPORT, Chicago, IL|41.974689|-87.890615|9|47|1
8988|2013-07-19|ORD Terminal 5, O'Hare International Airport, Chicago, IL 60666, USA|CULEX RESTUANS|10| W OHARE AIRPORT|T900|1000  W OHARE AIRPORT, Chicago, IL|41.974689|-87.890615|9|46|1
8998|2013-07-19|8200 South Kostner Avenue, Chicago, IL 60652, USA|CULEX RESTUANS|82| S KOSTNER AVE|T225|8200  S KOSTNER AVE, Chicago, IL|41.743402|-87.731435|8|50|1
9009|2013-07-19|West Garfield Boulevard, Chicago, IL, USA|CULEX RESTUANS|90| W GARFIELD BLVD|T226|9000  W GARFIELD BLVD, Chicago, IL|41.793818|-87.654234|5|33|1
9012|2013-07-19|1300 North Laramie Avenue, Chicago, IL 60651, USA|CULEX RESTUANS|13| N LARAMIE AVE|T230|1300  N LARAMIE AVE, Chicago, IL|41.904194|-87.756155|9|34|1
9014|2013-07-19|3900 North Springfield Avenue, Chicago, IL 60618, USA|CULEX PIPIENS/RESTUANS|39| N SPRINGFIELD AVE|T228|3900  N SPRINGFIELD AVE, Chicago, IL|41.951865999999995|-87.72505699999999|8|17|1
9015|2013-07-19|3900 North Springfield Avenue, Chicago, IL 60618, USA|CULEX RESTUANS|39| N SPRINGFIELD AVE|T228|3900  N SPRINGFIELD AVE, Chicago, IL|41.951865999999995|-87.72505699999999|8|43|1
9044|2013-07-25|2200 North Cannon Drive, Chicago, IL 60614, USA|CULEX RESTUANS|22| N CANNON DR|T054|2200  N CANNON DR, Chicago, IL|41.921965|-87.632085|8|3|1
9106|2013-07-25|7100 South South Shore Drive, Chicago, IL 60649, USA|CULEX PIPIENS/RESTUANS|71| S SOUTH SHORE DR|T079|7100  S SOUTH SHORE DR, Chicago, IL|41.766202|-87.562889|9|18|1
9197|2013-08-01|1700 West 95th Street, Chicago, IL 60643, USA|CULEX PIPIENS|17| W 95TH ST|T094|1700  W 95TH ST, Chicago, IL|41.720848|-87.666014|9|4|1
9219|2013-08-01|2800 North Francisco Avenue, Chicago, IL 60618, USA|CULEX PIPIENS/RESTUANS|28| N FRANCISCO AVE|T147|2800  N FRANCISCO AVE, Chicago, IL|41.932094|-87.700117|8|24|1
9220|2013-08-01|2800 North Francisco Avenue, Chicago, IL 60618, USA|CULEX RESTUANS|28| N FRANCISCO AVE|T147|2800  N FRANCISCO AVE, Chicago, IL|41.932094|-87.700117|8|10|1
9221|2013-08-01|2800 North Francisco Avenue, Chicago, IL 60618, USA|CULEX PIPIENS|28| N FRANCISCO AVE|T147|2800  N FRANCISCO AVE, Chicago, IL|41.932094|-87.700117|8|27|1
9233|2013-08-01|4600 Milwaukee Avenue, Chicago, IL 60630, USA|CULEX PIPIENS/RESTUANS|46| N MILWAUKEE AVE|T003|4600  N MILWAUKEE AVE, Chicago, IL|41.964242|-87.757639|8|35|1
9247|2013-08-01|6100 West Fullerton Avenue, Chicago, IL 60639, USA|CULEX PIPIENS/RESTUANS|61| W FULLERTON AVE|T013|6100  W FULLERTON AVE, Chicago, IL|41.923738|-87.785288|9|42|1
9250|2013-08-01|1000 North Central Park Avenue, Chicago, IL 60651, USA|CULEX PIPIENS/RESTUANS|10| N CENTRAL PARK DR|T030|1000  N CENTRAL PARK DR, Chicago, IL|41.899229999999996|-87.716788|9|46|1
9302|2013-08-01|4000 East 130th Street, Chicago, IL 60633, USA|CULEX RESTUANS|40| E 130TH ST|T221|4000  E 130TH ST, Chicago, IL|41.659112|-87.53869300000001|8|5|1
9307|2013-08-01|ORD Terminal 5, O'Hare International Airport, Chicago, IL 60666, USA|CULEX PIPIENS/RESTUANS|10| W OHARE AIRPORT|T900|1000  W OHARE AIRPORT, Chicago, IL|41.974689|-87.890615|9|50|1
9308|2013-08-01|ORD Terminal 5, O'Hare International Airport, Chicago, IL 60666, USA|CULEX PIPIENS/RESTUANS|10| W OHARE AIRPORT|T900|1000  W OHARE AIRPORT, Chicago, IL|41.974689|-87.890615|9|50|1
9315|2013-08-01|ORD Terminal 5, O'Hare International Airport, Chicago, IL 60666, USA|CULEX PIPIENS/RESTUANS|10| W OHARE AIRPORT|T900|1000  W OHARE AIRPORT, Chicago, IL|41.974689|-87.890615|9|50|1
9318|2013-08-01|ORD Terminal 5, O'Hare International Airport, Chicago, IL 60666, USA|CULEX PIPIENS/RESTUANS|10| W OHARE AIRPORT|T900|1000  W OHARE AIRPORT, Chicago, IL|41.974689|-87.890615|9|50|1
9319|2013-08-01|ORD Terminal 5, O'Hare International Airport, Chicago, IL 60666, USA|CULEX PIPIENS/RESTUANS|10| W OHARE AIRPORT|T900|1000  W OHARE AIRPORT, Chicago, IL|41.974689|-87.890615|9|50|1
9323|2013-08-01|ORD Terminal 5, O'Hare International Airport, Chicago, IL 60666, USA|CULEX PIPIENS/RESTUANS|10| W OHARE AIRPORT|T900|1000  W OHARE AIRPORT, Chicago, IL|41.974689|-87.890615|9|50|1
9325|2013-08-01|ORD Terminal 5, O'Hare International Airport, Chicago, IL 60666, USA|CULEX PIPIENS/RESTUANS|10| W OHARE AIRPORT|T900|1000  W OHARE AIRPORT, Chicago, IL|41.974689|-87.890615|9|38|1
9326|2013-08-01|ORD Terminal 5, O'Hare International Airport, Chicago, IL 60666, USA|CULEX PIPIENS/RESTUANS|10| W OHARE AIRPORT|T900|1000  W OHARE AIRPORT, Chicago, IL|41.974689|-87.890615|9|48|1
9329|2013-08-01|ORD Terminal 5, O'Hare International Airport, Chicago, IL 60666, USA|CULEX PIPIENS/RESTUANS|10| W OHARE AIRPORT|T900|1000  W OHARE AIRPORT, Chicago, IL|41.974689|-87.890615|9|50|1
9337|2013-08-01|8200 South Kostner Avenue, Chicago, IL 60652, USA|CULEX PIPIENS/RESTUANS|82| S KOSTNER AVE|T225|8200  S KOSTNER AVE, Chicago, IL|41.743402|-87.731435|8|20|1
9338|2013-08-01|8200 South Kostner Avenue, Chicago, IL 60652, USA|CULEX RESTUANS|82| S KOSTNER AVE|T225|8200  S KOSTNER AVE, Chicago, IL|41.743402|-87.731435|8|7|1
9340|2013-08-01|East 91st Place, Chicago, IL, USA|CULEX PIPIENS/RESTUANS|65| E 91ST PL|T227|6500  E 91ST PL, Chicago, IL|41.728495|-87.60096300000001|5|21|1
9345|2013-08-01|1700 West Addison Street, Chicago, IL 60613, USA|CULEX PIPIENS|17| W ADDISON ST|T224|1700  W ADDISON ST, Chicago, IL|41.947227000000005|-87.67145699999999|9|12|1
9359|2013-08-01|5800 North Ridge Avenue, Chicago, IL 60660, USA|CULEX PIPIENS|58| N RIDGE AVE|T231|5800  N RIDGE AVE, Chicago, IL|41.98728|-87.666066|8|17|1
9372|2013-08-08|4100 North Oak Park Avenue, Chicago, IL 60634, USA|CULEX PIPIENS/RESTUANS|41| N OAK PARK AVE|T002|4100  N OAK PARK AVE, Chicago, IL|41.95469|-87.800991|9|27|1
9374|2013-08-08|4100 North Oak Park Avenue, Chicago, IL 60634, USA|CULEX PIPIENS/RESTUANS|41| N OAK PARK AVE|T002|4100  N OAK PARK AVE, Chicago, IL|41.95469|-87.800991|9|50|1
9376|2013-08-08|4100 North Oak Park Avenue, Chicago, IL 60634, USA|CULEX PIPIENS|41| N OAK PARK AVE|T002|4100  N OAK PARK AVE, Chicago, IL|41.95469|-87.800991|9|43|1
9377|2013-08-08|4100 North Oak Park Avenue, Chicago, IL 60634, USA|CULEX PIPIENS|41| N OAK PARK AVE|T002|4100  N OAK PARK AVE, Chicago, IL|41.95469|-87.800991|9|13|1
9392|2013-08-08|3600 North Pittsburgh Avenue, Chicago, IL 60634, USA|CULEX PIPIENS/RESTUANS|36| N PITTSBURGH AVE|T011|3600  N PITTSBURGH AVE, Chicago, IL|41.944869|-87.832763|8|17|1
9400|2013-08-08|South Vincennes Avenue, Chicago, IL, USA|CULEX RESTUANS|10| S VINCENNES|T089|1000  S VINCENNES, Chicago, IL|41.723195000000004|-87.64997|5|4|1
9409|2013-08-08|7000 West Armitage Avenue, Chicago, IL 60707, USA|CULEX PIPIENS/RESTUANS|70|  W ARMITAGE AVENUE|T151|7000   W ARMITAGE AVENUE, Chicago, IL|41.916265|-87.800515|8|37|1
9413|2013-08-08|3500 West 116th Street, Chicago, IL 60655, USA|CULEX PIPIENS/RESTUANS|35| W 116TH ST|T158|3500  W 116TH ST, Chicago, IL|41.682587|-87.707973|9|48|1
9414|2013-08-08|3500 West 116th Street, Chicago, IL 60655, USA|CULEX PIPIENS/RESTUANS|35| W 116TH ST|T158|3500  W 116TH ST, Chicago, IL|41.682587|-87.707973|9|50|1
9420|2013-08-08|4600 Milwaukee Avenue, Chicago, IL 60630, USA|CULEX PIPIENS/RESTUANS|46| N MILWAUKEE AVE|T003|4600  N MILWAUKEE AVE, Chicago, IL|41.964242|-87.757639|8|28|1
9432|2013-08-08|6100 West Fullerton Avenue, Chicago, IL 60639, USA|CULEX PIPIENS/RESTUANS|61| W FULLERTON AVE|T013|6100  W FULLERTON AVE, Chicago, IL|41.923738|-87.785288|9|36|1
9435|2013-08-08|6100 West Fullerton Avenue, Chicago, IL 60639, USA|CULEX PIPIENS|61| W FULLERTON AVE|T013|6100  W FULLERTON AVE, Chicago, IL|41.923738|-87.785288|9|45|1
9437|2013-08-08|1000 North Central Park Avenue, Chicago, IL 60651, USA|CULEX PIPIENS/RESTUANS|10| N CENTRAL PARK DR|T030|1000  N CENTRAL PARK DR, Chicago, IL|41.899229999999996|-87.716788|9|50|1
9445|2013-08-08|2200 West 51st Street, Chicago, IL 60609, USA|CULEX PIPIENS/RESTUANS|22| W 51ST ST|T061|2200  W 51ST ST, Chicago, IL|41.801179|-87.679447|8|48|1
9450|2013-08-08|Chicago Midway International Airport (MDW), 5200 West 63rd Street, Chicago, IL 60638, USA|CULEX PIPIENS/RESTUANS|52| W 63RD ST|T065|5200  W 63RD ST, Chicago, IL|41.778296999999995|-87.752411|9|11|1
9452|2013-08-08|Chicago Midway International Airport (MDW), 5200 West 63rd Street, Chicago, IL 60638, USA|CULEX PIPIENS|52| W 63RD ST|T065|5200  W 63RD ST, Chicago, IL|41.778296999999995|-87.752411|9|1|1
9454|2013-08-08|6700 South Kedzie Avenue, Chicago, IL 60629, USA|CULEX PIPIENS/RESTUANS|67| S KEDZIE AVE|T066|6700  S KEDZIE AVE, Chicago, IL|41.77166|-87.703047|8|46|1
9468|2013-08-08|7700 South Eberhart Avenue, Chicago, IL 60619, USA|CULEX PIPIENS/RESTUANS|77| S EBERHART AVE|T080|7700  S EBERHART AVE, Chicago, IL|41.754676|-87.612922|9|24|1
9473|2013-08-08|5000 South Union Avenue, Chicago, IL 60609, USA|CULEX PIPIENS|50| S UNION AVE|T082|5000  S UNION AVE, Chicago, IL|41.803422999999995|-87.642984|8|2|1
9479|2013-08-08|6300 West 64th Street, Chicago, IL 60638, USA|CULEX PIPIENS/RESTUANS|63| W 64TH ST|T155|6300  W 64TH ST, Chicago, IL|41.776156|-87.778927|9|20|1
9483|2013-08-08|South Doty Avenue, Chicago, IL, USA|CULEX PIPIENS/RESTUANS|12| S DOTY AVE|T115|1200  S DOTY AVE, Chicago, IL|41.673408|-87.599862|5|50|1
9502|2013-08-08|5800 North Pulaski Road, Chicago, IL 60646, USA|CULEX PIPIENS|58| N PULASKI RD|T027|5800  N PULASKI RD, Chicago, IL|41.984809000000006|-87.728492|8|16|1
9509|2013-08-08|9100 West Higgins Road, Rosemont, IL 60018, USA|CULEX PIPIENS|91| W HIGGINS RD|T009|9100  W HIGGINS RD, Chicago, IL|41.992478000000006|-87.862995|8|38|1
9516|2013-08-08|ORD Terminal 5, O'Hare International Airport, Chicago, IL 60666, USA|CULEX PIPIENS|10| W OHARE AIRPORT|T900|1000  W OHARE AIRPORT, Chicago, IL|41.974689|-87.890615|9|20|1
9517|2013-08-08|ORD Terminal 5, O'Hare International Airport, Chicago, IL 60666, USA|CULEX PIPIENS|10| W OHARE AIRPORT|T900|1000  W OHARE AIRPORT, Chicago, IL|41.974689|-87.890615|9|21|1
9523|2013-08-08|5100 North Mont Clare Avenue, Chicago, IL 60656, USA|CULEX PIPIENS/RESTUANS|51| N MONT CLARE AVE|T223|5100  N MONT CLARE AVE, Chicago, IL|41.973845000000004|-87.805059|9|41|1
9526|2013-08-08|8200 South Kostner Avenue, Chicago, IL 60652, USA|CULEX RESTUANS|82| S KOSTNER AVE|T225|8200  S KOSTNER AVE, Chicago, IL|41.743402|-87.731435|8|27|1
9528|2013-08-08|East 91st Place, Chicago, IL, USA|CULEX RESTUANS|65| E 91ST PL|T227|6500  E 91ST PL, Chicago, IL|41.728495|-87.60096300000001|5|5|1
9532|2013-08-08|West Garfield Boulevard, Chicago, IL, USA|CULEX PIPIENS/RESTUANS|90| W GARFIELD BLVD|T226|9000  W GARFIELD BLVD, Chicago, IL|41.793818|-87.654234|5|30|1
9534|2013-08-08|West Garfield Boulevard, Chicago, IL, USA|CULEX PIPIENS|90| W GARFIELD BLVD|T226|9000  W GARFIELD BLVD, Chicago, IL|41.793818|-87.654234|5|5|1
9535|2013-08-08|1300 North Laramie Avenue, Chicago, IL 60651, USA|CULEX PIPIENS/RESTUANS|13| N LARAMIE AVE|T230|1300  N LARAMIE AVE, Chicago, IL|41.904194|-87.756155|9|21|1
9536|2013-08-08|1300 North Laramie Avenue, Chicago, IL 60651, USA|CULEX RESTUANS|13| N LARAMIE AVE|T230|1300  N LARAMIE AVE, Chicago, IL|41.904194|-87.756155|9|2|1
9537|2013-08-08|1300 North Laramie Avenue, Chicago, IL 60651, USA|CULEX PIPIENS|13| N LARAMIE AVE|T230|1300  N LARAMIE AVE, Chicago, IL|41.904194|-87.756155|9|8|1
9544|2013-08-08|7100 North Harlem Avenue, Chicago, IL 60631, USA|CULEX PIPIENS/RESTUANS|71| N HARLEM AVE|T233|7100  N HARLEM AVE, Chicago, IL|42.009876|-87.807277|9|50|1
9564|2013-08-15|1700 West 95th Street, Chicago, IL 60643, USA|CULEX PIPIENS|17| W 95TH ST|T094|1700  W 95TH ST, Chicago, IL|41.720848|-87.666014|9|8|1
9573|2013-08-15|5800 North Western Avenue, Chicago, IL 60659, USA|CULEX RESTUANS|58| N WESTERN AVE|T028|5800  N WESTERN AVE, Chicago, IL|41.986921|-87.689778|9|24|1
9574|2013-08-15|5800 North Western Avenue, Chicago, IL 60659, USA|CULEX PIPIENS|58| N WESTERN AVE|T028|5800  N WESTERN AVE, Chicago, IL|41.986921|-87.689778|9|47|1
9591|2013-08-15|7000 West Armitage Avenue, Chicago, IL 60707, USA|CULEX PIPIENS|70|  W ARMITAGE AVENUE|T151|7000   W ARMITAGE AVENUE, Chicago, IL|41.916265|-87.800515|8|9|1
9608|2013-08-15|1100 South California Avenue, Chicago, IL 60612, USA|CULEX PIPIENS/RESTUANS|11| S CALIFORNIA|T047|1100  S CALIFORNIA, Chicago, IL|41.868142|-87.696269|9|22|1
9609|2013-08-15|1100 South California Avenue, Chicago, IL 60612, USA|CULEX PIPIENS|11| S CALIFORNIA|T047|1100  S CALIFORNIA, Chicago, IL|41.868142|-87.696269|9|29|1
9610|2013-08-15|6100 West Fullerton Avenue, Chicago, IL 60639, USA|CULEX PIPIENS/RESTUANS|61| W FULLERTON AVE|T013|6100  W FULLERTON AVE, Chicago, IL|41.923738|-87.785288|9|40|1
9613|2013-08-15|1000 North Central Park Avenue, Chicago, IL 60651, USA|CULEX PIPIENS/RESTUANS|10| N CENTRAL PARK DR|T030|1000  N CENTRAL PARK DR, Chicago, IL|41.899229999999996|-87.716788|9|13|1
9614|2013-08-15|1000 North Central Park Avenue, Chicago, IL 60651, USA|CULEX PIPIENS/RESTUANS|10| N CENTRAL PARK DR|T030|1000  N CENTRAL PARK DR, Chicago, IL|41.899229999999996|-87.716788|9|41|1
9624|2013-08-15|2200 West 51st Street, Chicago, IL 60609, USA|CULEX PIPIENS|22| W 51ST ST|T061|2200  W 51ST ST, Chicago, IL|41.801179|-87.679447|8|33|1
9630|2013-08-15|6700 South Kedzie Avenue, Chicago, IL 60629, USA|CULEX PIPIENS|67| S KEDZIE AVE|T066|6700  S KEDZIE AVE, Chicago, IL|41.77166|-87.703047|8|31|1
9664|2013-08-15|ORD Terminal 5, O'Hare International Airport, Chicago, IL 60666, USA|CULEX PIPIENS/RESTUANS|10| W OHARE AIRPORT|T900|1000  W OHARE AIRPORT, Chicago, IL|41.974689|-87.890615|9|7|1
9665|2013-08-15|ORD Terminal 5, O'Hare International Airport, Chicago, IL 60666, USA|CULEX PIPIENS/RESTUANS|10| W OHARE AIRPORT|T900|1000  W OHARE AIRPORT, Chicago, IL|41.974689|-87.890615|9|36|1
9680|2013-08-15|5100 North Mont Clare Avenue, Chicago, IL 60656, USA|CULEX PIPIENS/RESTUANS|51| N MONT CLARE AVE|T223|5100  N MONT CLARE AVE, Chicago, IL|41.973845000000004|-87.805059|9|13|1
9684|2013-08-15|East 91st Place, Chicago, IL, USA|CULEX PIPIENS/RESTUANS|65| E 91ST PL|T227|6500  E 91ST PL, Chicago, IL|41.728495|-87.60096300000001|5|40|1
9690|2013-08-15|West Garfield Boulevard, Chicago, IL, USA|CULEX PIPIENS|90| W GARFIELD BLVD|T226|9000  W GARFIELD BLVD, Chicago, IL|41.793818|-87.654234|5|12|1
9691|2013-08-15|1300 North Laramie Avenue, Chicago, IL 60651, USA|CULEX PIPIENS/RESTUANS|13| N LARAMIE AVE|T230|1300  N LARAMIE AVE, Chicago, IL|41.904194|-87.756155|9|15|1
9702|2013-08-15|4200 West 65th Street, Chicago, IL 60621, USA|CULEX PIPIENS/RESTUANS|42| W 65TH ST|T235|4200  W 65TH ST, Chicago, IL|41.776428|-87.627096|8|34|1
9703|2013-08-15|4200 West 65th Street, Chicago, IL 60621, USA|CULEX RESTUANS|42| W 65TH ST|T235|4200  W 65TH ST, Chicago, IL|41.776428|-87.627096|8|7|1
9709|2013-08-15|2100 North Cannon Drive, Chicago, IL 60614, USA|CULEX PIPIENS|21| N CANNON DR|T054C|2100  N CANNON DR, Chicago, IL|41.925652|-87.63359|8|45|1
9710|2013-08-22|4100 North Oak Park Avenue, Chicago, IL 60634, USA|CULEX PIPIENS/RESTUANS|41| N OAK PARK AVE|T002|4100  N OAK PARK AVE, Chicago, IL|41.95469|-87.800991|9|34|1
9711|2013-08-22|4100 North Oak Park Avenue, Chicago, IL 60634, USA|CULEX PIPIENS|41| N OAK PARK AVE|T002|4100  N OAK PARK AVE, Chicago, IL|41.95469|-87.800991|9|12|1
9715|2013-08-22|1100 Roosevelt Road, Chicago, IL 60608, USA|CULEX PIPIENS/RESTUANS|11| W ROOSEVELT|T048|1100  W ROOSEVELT, Chicago, IL|41.867108|-87.654224|8|31|1
9731|2013-08-22|5800 North Western Avenue, Chicago, IL 60659, USA|CULEX PIPIENS/RESTUANS|58| N WESTERN AVE|T028|5800  N WESTERN AVE, Chicago, IL|41.986921|-87.689778|9|7|1
9732|2013-08-22|5800 North Western Avenue, Chicago, IL 60659, USA|CULEX PIPIENS|58| N WESTERN AVE|T028|5800  N WESTERN AVE, Chicago, IL|41.986921|-87.689778|9|7|1
9735|2013-08-22|1400 North Sacramento Avenue, Chicago, IL 60622, USA|CULEX PIPIENS/RESTUANS|14| N HUMBOLDT DR|T033|1400  N HUMBOLDT DR, Chicago, IL|41.906638|-87.701431|9|16|1
9752|2013-08-22|2500 South Millard Avenue, Chicago, IL 60623, USA|CULEX RESTUANS|25| S MILLARD AVE|T152|2500  S MILLARD AVE, Chicago, IL|41.846075|-87.716277|9|3|1
9757|2013-08-22|4500 North Campbell Avenue, Chicago, IL 60625, USA|CULEX PIPIENS/RESTUANS|45| N CAMPBELL AVE|T220|4500  N CAMPBELL AVE, Chicago, IL|41.963976|-87.69181|9|4|1
9758|2013-08-22|4600 Milwaukee Avenue, Chicago, IL 60630, USA|CULEX PIPIENS|46| N MILWAUKEE AVE|T003|4600  N MILWAUKEE AVE, Chicago, IL|41.964242|-87.757639|8|23|1
9763|2013-08-22|6100 North Lemont Avenue, Chicago, IL 60646, USA|CULEX PIPIENS/RESTUANS|61| N LEMONT AVE|T012|6100  N LEMONT AVE, Chicago, IL|41.991429|-87.747113|8|5|1
9767|2013-08-22|1100 South California Avenue, Chicago, IL 60612, USA|CULEX PIPIENS/RESTUANS|11| S CALIFORNIA|T047|1100  S CALIFORNIA, Chicago, IL|41.868142|-87.696269|9|13|1
9773|2013-08-22|1000 North Central Park Avenue, Chicago, IL 60651, USA|CULEX PIPIENS|10| N CENTRAL PARK DR|T030|1000  N CENTRAL PARK DR, Chicago, IL|41.899229999999996|-87.716788|9|47|1
9782|2013-08-22|2200 West 51st Street, Chicago, IL 60609, USA|CULEX RESTUANS|22| W 51ST ST|T061|2200  W 51ST ST, Chicago, IL|41.801179|-87.679447|8|1|1
9787|2013-08-22|6700 South Kedzie Avenue, Chicago, IL 60629, USA|CULEX RESTUANS|67| S KEDZIE AVE|T066|6700  S KEDZIE AVE, Chicago, IL|41.77166|-87.703047|8|4|1
9788|2013-08-22|6700 South Kedzie Avenue, Chicago, IL 60629, USA|CULEX PIPIENS|67| S KEDZIE AVE|T066|6700  S KEDZIE AVE, Chicago, IL|41.77166|-87.703047|8|14|1
9799|2013-08-22|5000 South Union Avenue, Chicago, IL 60609, USA|CULEX PIPIENS/RESTUANS|50| S UNION AVE|T082|5000  S UNION AVE, Chicago, IL|41.803422999999995|-87.642984|8|15|1
9806|2013-08-22|3700 South Pulaski Road, Chicago, IL 60623, USA|CULEX PIPIENS/RESTUANS|37| S PULASKI RD|T063|3700  S PULASKI RD, Chicago, IL|41.82561|-87.726549|9|6|1
9824|2013-08-22|5800 North Pulaski Road, Chicago, IL 60646, USA|CULEX PIPIENS/RESTUANS|58| N PULASKI RD|T027|5800  N PULASKI RD, Chicago, IL|41.984809000000006|-87.728492|8|31|1
9825|2013-08-22|5800 North Pulaski Road, Chicago, IL 60646, USA|CULEX RESTUANS|58| N PULASKI RD|T027|5800  N PULASKI RD, Chicago, IL|41.984809000000006|-87.728492|8|6|1
9837|2013-08-22|ORD Terminal 5, O'Hare International Airport, Chicago, IL 60666, USA|CULEX PIPIENS/RESTUANS|10| W OHARE AIRPORT|T900|1000  W OHARE AIRPORT, Chicago, IL|41.974689|-87.890615|9|31|1
9840|2013-08-22|ORD Terminal 5, O'Hare International Airport, Chicago, IL 60666, USA|CULEX PIPIENS|10| W OHARE AIRPORT|T900|1000  W OHARE AIRPORT, Chicago, IL|41.974689|-87.890615|9|33|1
9841|2013-08-22|ORD Terminal 5, O'Hare International Airport, Chicago, IL 60666, USA|CULEX PIPIENS|10| W OHARE AIRPORT|T900|1000  W OHARE AIRPORT, Chicago, IL|41.974689|-87.890615|9|6|1
9852|2013-08-22|8200 South Kostner Avenue, Chicago, IL 60652, USA|CULEX PIPIENS|82| S KOSTNER AVE|T225|8200  S KOSTNER AVE, Chicago, IL|41.743402|-87.731435|8|21|1
9853|2013-08-22|East 91st Place, Chicago, IL, USA|CULEX PIPIENS/RESTUANS|65| E 91ST PL|T227|6500  E 91ST PL, Chicago, IL|41.728495|-87.60096300000001|5|22|1
9861|2013-08-22|3900 North Springfield Avenue, Chicago, IL 60618, USA|CULEX PIPIENS|39| N SPRINGFIELD AVE|T228|3900  N SPRINGFIELD AVE, Chicago, IL|41.951865999999995|-87.72505699999999|8|15|1
9865|2013-08-22|5800 North Ridge Avenue, Chicago, IL 60660, USA|CULEX PIPIENS|58| N RIDGE AVE|T231|5800  N RIDGE AVE, Chicago, IL|41.98728|-87.666066|8|37|1
9867|2013-08-22|1700 North Ashland Avenue, Chicago, IL 60622, USA|CULEX PIPIENS/RESTUANS|17| N ASHLAND AVE|T232|1700  N ASHLAND AVE, Chicago, IL|41.912563|-87.66805500000001|9|3|1
9870|2013-08-22|7100 North Harlem Avenue, Chicago, IL 60631, USA|CULEX PIPIENS|71| N HARLEM AVE|T233|7100  N HARLEM AVE, Chicago, IL|42.009876|-87.807277|9|48|1
9871|2013-08-22|4200 West 65th Street, Chicago, IL 60621, USA|CULEX PIPIENS/RESTUANS|42| W 65TH ST|T235|4200  W 65TH ST, Chicago, IL|41.776428|-87.627096|8|15|1
9872|2013-08-22|4200 West 65th Street, Chicago, IL 60621, USA|CULEX PIPIENS|42| W 65TH ST|T235|4200  W 65TH ST, Chicago, IL|41.776428|-87.627096|8|18|1
9879|2013-08-29|4100 North Oak Park Avenue, Chicago, IL 60634, USA|CULEX PIPIENS|41| N OAK PARK AVE|T002|4100  N OAK PARK AVE, Chicago, IL|41.95469|-87.800991|9|35|1
9887|2013-08-29|8900 South Carpenter Street, Chicago, IL 60620, USA|CULEX PIPIENS/RESTUANS|89| S CARPENTER ST|T159|8900  S CARPENTER ST, Chicago, IL|41.732984|-87.649642|8|19|1
9894|2013-08-29|5800 North Western Avenue, Chicago, IL 60659, USA|CULEX PIPIENS|58| N WESTERN AVE|T028|5800  N WESTERN AVE, Chicago, IL|41.986921|-87.689778|9|17|1
9895|2013-08-29|5000 South Central Avenue, Chicago, IL 60638, USA|CULEX PIPIENS/RESTUANS|50| S CENTRAL AVE|T031|5000  S CENTRAL AVE, Chicago, IL|41.801497999999995|-87.763416|9|15|1
9896|2013-08-29|5000 South Central Avenue, Chicago, IL 60638, USA|CULEX PIPIENS|50| S CENTRAL AVE|T031|5000  S CENTRAL AVE, Chicago, IL|41.801497999999995|-87.763416|9|9|1
9897|2013-08-29|1400 North Sacramento Avenue, Chicago, IL 60622, USA|CULEX PIPIENS/RESTUANS|14| N HUMBOLDT DR|T033|1400  N HUMBOLDT DR, Chicago, IL|41.906638|-87.701431|9|15|1
9898|2013-08-29|South Vincennes Avenue, Chicago, IL, USA|CULEX PIPIENS/RESTUANS|10| S VINCENNES|T089|1000  S VINCENNES, Chicago, IL|41.723195000000004|-87.64997|5|5|1
9904|2013-08-29|University of Illinois at Chicago, 1100 South Ashland Avenue, Chicago, IL 60607, USA|CULEX RESTUANS|11| S ASHLAND AVE|T090|1100  S ASHLAND AVE, Chicago, IL|41.868077|-87.666901|9|12|1
9916|2013-08-29|4600 Milwaukee Avenue, Chicago, IL 60630, USA|CULEX PIPIENS/RESTUANS|46| N MILWAUKEE AVE|T003|4600  N MILWAUKEE AVE, Chicago, IL|41.964242|-87.757639|8|30|1
9917|2013-08-29|7000 North Moselle Avenue, Chicago, IL 60646, USA|CULEX PIPIENS/RESTUANS|70| N MOSELL AVE|T008|7000  N MOSELL AVE, Chicago, IL|42.008314|-87.77792099999999|9|41|1
9932|2013-08-29|3300 West 104th Street, Chicago, IL 60655, USA|CULEX PIPIENS/RESTUANS|33| W 104TH ST|T095|3300  W 104TH ST, Chicago, IL|41.704336|-87.70373599999999|8|28|1
9933|2013-08-29|1700 North Pulaski Road, Chicago, IL 60639, USA|CULEX PIPIENS/RESTUANS|17| N PULASKI RD|T039|1700  N PULASKI RD, Chicago, IL|41.911823999999996|-87.726737|9|19|1
9947|2013-08-29|5200 South Kolmar Avenue, Chicago, IL 60632, USA|CULEX PIPIENS|52| S KOLMAR|T114|5200  S KOLMAR, Chicago, IL|41.798697|-87.736812|8|13|1
9949|2013-08-29|6300 West 64th Street, Chicago, IL 60638, USA|CULEX PIPIENS|63| W 64TH ST|T155|6300  W 64TH ST, Chicago, IL|41.776156|-87.778927|9|3|1
9959|2013-08-29|2400 East 105th Street, Chicago, IL 60617, USA|CULEX PIPIENS/RESTUANS|24| E 105TH ST|T128|2400  E 105TH ST, Chicago, IL|41.704572|-87.56566600000001|8|39|1
9966|2013-08-29|4000 East 130th Street, Chicago, IL 60633, USA|CULEX PIPIENS/RESTUANS|40| E 130TH ST|T221|4000  E 130TH ST, Chicago, IL|41.659112|-87.53869300000001|8|32|1
9967|2013-08-29|9100 West Higgins Road, Rosemont, IL 60018, USA|CULEX PIPIENS/RESTUANS|91| W HIGGINS RD|T009|9100  W HIGGINS RD, Chicago, IL|41.992478000000006|-87.862995|8|31|1
9970|2013-08-29|9100 West Higgins Road, Rosemont, IL 60018, USA|CULEX PIPIENS|91| W HIGGINS RD|T009|9100  W HIGGINS RD, Chicago, IL|41.992478000000006|-87.862995|8|38|1
9971|2013-08-29|9100 West Higgins Road, Rosemont, IL 60018, USA|CULEX PIPIENS|91| W HIGGINS RD|T009|9100  W HIGGINS RD, Chicago, IL|41.992478000000006|-87.862995|8|27|1
9973|2013-08-29|ORD Terminal 5, O'Hare International Airport, Chicago, IL 60666, USA|CULEX PIPIENS/RESTUANS|10| W OHARE AIRPORT|T900|1000  W OHARE AIRPORT, Chicago, IL|41.974689|-87.890615|9|50|1
9975|2013-08-29|ORD Terminal 5, O'Hare International Airport, Chicago, IL 60666, USA|CULEX PIPIENS/RESTUANS|10| W OHARE AIRPORT|T900|1000  W OHARE AIRPORT, Chicago, IL|41.974689|-87.890615|9|50|1
9977|2013-08-29|ORD Terminal 5, O'Hare International Airport, Chicago, IL 60666, USA|CULEX PIPIENS/RESTUANS|10| W OHARE AIRPORT|T900|1000  W OHARE AIRPORT, Chicago, IL|41.974689|-87.890615|9|19|1
9979|2013-08-29|ORD Terminal 5, O'Hare International Airport, Chicago, IL 60666, USA|CULEX PIPIENS/RESTUANS|10| W OHARE AIRPORT|T900|1000  W OHARE AIRPORT, Chicago, IL|41.974689|-87.890615|9|16|1
9983|2013-08-29|ORD Terminal 5, O'Hare International Airport, Chicago, IL 60666, USA|CULEX PIPIENS|10| W OHARE AIRPORT|T900|1000  W OHARE AIRPORT, Chicago, IL|41.974689|-87.890615|9|24|1
9984|2013-08-29|ORD Terminal 5, O'Hare International Airport, Chicago, IL 60666, USA|CULEX PIPIENS|10| W OHARE AIRPORT|T900|1000  W OHARE AIRPORT, Chicago, IL|41.974689|-87.890615|9|1|1
9986|2013-08-29|ORD Terminal 5, O'Hare International Airport, Chicago, IL 60666, USA|CULEX PIPIENS|10| W OHARE AIRPORT|T900|1000  W OHARE AIRPORT, Chicago, IL|41.974689|-87.890615|9|40|1
9988|2013-08-29|ORD Terminal 5, O'Hare International Airport, Chicago, IL 60666, USA|CULEX PIPIENS|10| W OHARE AIRPORT|T900|1000  W OHARE AIRPORT, Chicago, IL|41.974689|-87.890615|9|50|1
9989|2013-08-29|ORD Terminal 5, O'Hare International Airport, Chicago, IL 60666, USA|CULEX PIPIENS|10| W OHARE AIRPORT|T900|1000  W OHARE AIRPORT, Chicago, IL|41.974689|-87.890615|9|48|1
9990|2013-08-29|ORD Terminal 5, O'Hare International Airport, Chicago, IL 60666, USA|CULEX PIPIENS|10| W OHARE AIRPORT|T900|1000  W OHARE AIRPORT, Chicago, IL|41.974689|-87.890615|9|31|1
9991|2013-08-29|ORD Terminal 5, O'Hare International Airport, Chicago, IL 60666, USA|CULEX PIPIENS|10| W OHARE AIRPORT|T900|1000  W OHARE AIRPORT, Chicago, IL|41.974689|-87.890615|9|22|1
9992|2013-08-29|ORD Terminal 5, O'Hare International Airport, Chicago, IL 60666, USA|CULEX PIPIENS|10| W OHARE AIRPORT|T900|1000  W OHARE AIRPORT, Chicago, IL|41.974689|-87.890615|9|50|1
9995|2013-08-29|4800 West Montana Street, Chicago, IL 60639, USA|CULEX PIPIENS|48| W MONTANA ST|T222|4800  W MONTANA ST, Chicago, IL|41.925197999999995|-87.746381|8|9|1
9999|2013-08-29|8200 South Kostner Avenue, Chicago, IL 60652, USA|CULEX PIPIENS/RESTUANS|82| S KOSTNER AVE|T225|8200  S KOSTNER AVE, Chicago, IL|41.743402|-87.731435|8|31|1
10008|2013-08-29|5800 North Ridge Avenue, Chicago, IL 60660, USA|CULEX PIPIENS/RESTUANS|58| N RIDGE AVE|T231|5800  N RIDGE AVE, Chicago, IL|41.98728|-87.666066|8|39|1
10011|2013-08-29|7100 North Harlem Avenue, Chicago, IL 60631, USA|CULEX PIPIENS/RESTUANS|71| N HARLEM AVE|T233|7100  N HARLEM AVE, Chicago, IL|42.009876|-87.807277|9|50|1
10013|2013-08-29|7100 North Harlem Avenue, Chicago, IL 60631, USA|CULEX PIPIENS/RESTUANS|71| N HARLEM AVE|T233|7100  N HARLEM AVE, Chicago, IL|42.009876|-87.807277|9|50|1
10014|2013-08-29|7100 North Harlem Avenue, Chicago, IL 60631, USA|CULEX PIPIENS|71| N HARLEM AVE|T233|7100  N HARLEM AVE, Chicago, IL|42.009876|-87.807277|9|50|1
10015|2013-08-29|4200 West 65th Street, Chicago, IL 60621, USA|CULEX PIPIENS|42| W 65TH ST|T235|4200  W 65TH ST, Chicago, IL|41.776428|-87.627096|8|12|1
10029|2013-09-06|2200 North Cannon Drive, Chicago, IL 60614, USA|CULEX PIPIENS/RESTUANS|22| N CANNON DR|T054|2200  N CANNON DR, Chicago, IL|41.921965|-87.632085|8|50|1
10031|2013-09-06|2200 North Cannon Drive, Chicago, IL 60614, USA|CULEX PIPIENS|22| N CANNON DR|T054|2200  N CANNON DR, Chicago, IL|41.921965|-87.632085|8|50|1
10032|2013-09-06|2200 North Cannon Drive, Chicago, IL 60614, USA|CULEX PIPIENS|22| N CANNON DR|T054|2200  N CANNON DR, Chicago, IL|41.921965|-87.632085|8|20|1
10043|2013-09-06|1400 North Sacramento Avenue, Chicago, IL 60622, USA|CULEX PIPIENS|14| N HUMBOLDT DR|T033|1400  N HUMBOLDT DR, Chicago, IL|41.906638|-87.701431|9|32|1
10052|2013-09-06|7000 West Armitage Avenue, Chicago, IL 60707, USA|CULEX PIPIENS|70|  W ARMITAGE AVENUE|T151|7000   W ARMITAGE AVENUE, Chicago, IL|41.916265|-87.800515|8|13|1
10058|2013-09-06|4500 North Campbell Avenue, Chicago, IL 60625, USA|CULEX PIPIENS/RESTUANS|45| N CAMPBELL AVE|T220|4500  N CAMPBELL AVE, Chicago, IL|41.963976|-87.69181|9|50|1
10059|2013-09-06|4600 Milwaukee Avenue, Chicago, IL 60630, USA|CULEX PIPIENS/RESTUANS|46| N MILWAUKEE AVE|T003|4600  N MILWAUKEE AVE, Chicago, IL|41.964242|-87.757639|8|35|1
10068|2013-09-06|6100 West Fullerton Avenue, Chicago, IL 60639, USA|CULEX PIPIENS/RESTUANS|61| W FULLERTON AVE|T013|6100  W FULLERTON AVE, Chicago, IL|41.923738|-87.785288|9|36|1
10071|2013-09-06|1000 North Central Park Avenue, Chicago, IL 60651, USA|CULEX PIPIENS|10| N CENTRAL PARK DR|T030|1000  N CENTRAL PARK DR, Chicago, IL|41.899229999999996|-87.716788|9|45|1
10077|2013-09-06|2200 West 51st Street, Chicago, IL 60609, USA|CULEX PIPIENS/RESTUANS|22| W 51ST ST|T061|2200  W 51ST ST, Chicago, IL|41.801179|-87.679447|8|13|1
10085|2013-09-06|2200 West 69th Street, Chicago, IL 60636, USA|CULEX PIPIENS/RESTUANS|22| W 69TH ST|T069|2200  W 69TH ST, Chicago, IL|41.768388|-87.678649|8|17|1
10090|2013-09-06|6400 South Stony Island Avenue, Chicago, IL 60637, USA|CULEX PIPIENS|64| S STONY ISLAND AVE|T077|6400  S STONY ISLAND AVE, Chicago, IL|41.778748|-87.586427|8|1|1
10099|2013-09-06|5200 South Kolmar Avenue, Chicago, IL 60632, USA|CULEX PIPIENS|52| S KOLMAR|T114|5200  S KOLMAR, Chicago, IL|41.798697|-87.736812|8|14|1
10114|2013-09-06|5800 North Pulaski Road, Chicago, IL 60646, USA|CULEX PIPIENS|58| N PULASKI RD|T027|5800  N PULASKI RD, Chicago, IL|41.984809000000006|-87.728492|8|19|1
10117|2013-09-06|9100 West Higgins Road, Rosemont, IL 60018, USA|CULEX PIPIENS|91| W HIGGINS RD|T009|9100  W HIGGINS RD, Chicago, IL|41.992478000000006|-87.862995|8|30|1
10119|2013-09-06|ORD Terminal 5, O'Hare International Airport, Chicago, IL 60666, USA|CULEX PIPIENS/RESTUANS|10| W OHARE AIRPORT|T900|1000  W OHARE AIRPORT, Chicago, IL|41.974689|-87.890615|9|44|1
10120|2013-09-06|ORD Terminal 5, O'Hare International Airport, Chicago, IL 60666, USA|CULEX PIPIENS/RESTUANS|10| W OHARE AIRPORT|T900|1000  W OHARE AIRPORT, Chicago, IL|41.974689|-87.890615|9|39|1
10121|2013-09-06|ORD Terminal 5, O'Hare International Airport, Chicago, IL 60666, USA|CULEX PIPIENS/RESTUANS|10| W OHARE AIRPORT|T900|1000  W OHARE AIRPORT, Chicago, IL|41.974689|-87.890615|9|38|1
10122|2013-09-06|ORD Terminal 5, O'Hare International Airport, Chicago, IL 60666, USA|CULEX PIPIENS/RESTUANS|10| W OHARE AIRPORT|T900|1000  W OHARE AIRPORT, Chicago, IL|41.974689|-87.890615|9|50|1
10124|2013-09-06|ORD Terminal 5, O'Hare International Airport, Chicago, IL 60666, USA|CULEX PIPIENS/RESTUANS|10| W OHARE AIRPORT|T900|1000  W OHARE AIRPORT, Chicago, IL|41.974689|-87.890615|9|50|1
10126|2013-09-06|ORD Terminal 5, O'Hare International Airport, Chicago, IL 60666, USA|CULEX RESTUANS|10| W OHARE AIRPORT|T900|1000  W OHARE AIRPORT, Chicago, IL|41.974689|-87.890615|9|14|1
10127|2013-09-06|ORD Terminal 5, O'Hare International Airport, Chicago, IL 60666, USA|CULEX PIPIENS|10| W OHARE AIRPORT|T900|1000  W OHARE AIRPORT, Chicago, IL|41.974689|-87.890615|9|23|1
10131|2013-09-06|ORD Terminal 5, O'Hare International Airport, Chicago, IL 60666, USA|CULEX PIPIENS|10| W OHARE AIRPORT|T900|1000  W OHARE AIRPORT, Chicago, IL|41.974689|-87.890615|9|33|1
10134|2013-09-06|ORD Terminal 5, O'Hare International Airport, Chicago, IL 60666, USA|CULEX PIPIENS|10| W OHARE AIRPORT|T900|1000  W OHARE AIRPORT, Chicago, IL|41.974689|-87.890615|9|29|1
10138|2013-09-06|5100 North Mont Clare Avenue, Chicago, IL 60656, USA|CULEX PIPIENS/RESTUANS|51| N MONT CLARE AVE|T223|5100  N MONT CLARE AVE, Chicago, IL|41.973845000000004|-87.805059|9|33|1
10140|2013-09-06|8200 South Kostner Avenue, Chicago, IL 60652, USA|CULEX PIPIENS|82| S KOSTNER AVE|T225|8200  S KOSTNER AVE, Chicago, IL|41.743402|-87.731435|8|13|1
10149|2013-09-06|3900 North Springfield Avenue, Chicago, IL 60618, USA|CULEX PIPIENS/RESTUANS|39| N SPRINGFIELD AVE|T228|3900  N SPRINGFIELD AVE, Chicago, IL|41.951865999999995|-87.72505699999999|8|16|1
10152|2013-09-06|5100 West 72nd Street, Chicago, IL 60638, USA|CULEX PIPIENS|51| W 72ND ST|T035|5100  W 72ND ST, Chicago, IL|41.763733|-87.742302|8|31|1
10157|2013-09-06|7100 North Harlem Avenue, Chicago, IL 60631, USA|CULEX PIPIENS/RESTUANS|71| N HARLEM AVE|T233|7100  N HARLEM AVE, Chicago, IL|42.009876|-87.807277|9|15|1
10158|2013-09-06|7100 North Harlem Avenue, Chicago, IL 60631, USA|CULEX PIPIENS|71| N HARLEM AVE|T233|7100  N HARLEM AVE, Chicago, IL|42.009876|-87.807277|9|18|1
10159|2013-09-06|4200 West 65th Street, Chicago, IL 60621, USA|CULEX PIPIENS|42| W 65TH ST|T235|4200  W 65TH ST, Chicago, IL|41.776428|-87.627096|8|37|1
10161|2013-09-06|6200 North Mcclellan Avenue, Chicago, IL 60646, USA|CULEX PIPIENS|62| N MCCLELLAN AVE|T236|6200  N MCCLELLAN AVE, Chicago, IL|41.994679|-87.770899|8|10|1
10164|2013-09-12|4100 North Oak Park Avenue, Chicago, IL 60634, USA|CULEX PIPIENS|41| N OAK PARK AVE|T002|4100  N OAK PARK AVE, Chicago, IL|41.95469|-87.800991|9|32|1
10172|2013-09-12|2200 North Cannon Drive, Chicago, IL 60614, USA|CULEX PIPIENS/RESTUANS|22| N CANNON DR|T054|2200  N CANNON DR, Chicago, IL|41.921965|-87.632085|8|42|1
10180|2013-09-12|3600 North Pittsburgh Avenue, Chicago, IL 60634, USA|CULEX PIPIENS|36| N PITTSBURGH AVE|T011|3600  N PITTSBURGH AVE, Chicago, IL|41.944869|-87.832763|8|9|1
10183|2013-09-12|5800 North Western Avenue, Chicago, IL 60659, USA|CULEX PIPIENS|58| N WESTERN AVE|T028|5800  N WESTERN AVE, Chicago, IL|41.986921|-87.689778|9|45|1
10189|2013-09-12|University of Illinois at Chicago, 1100 South Ashland Avenue, Chicago, IL 60607, USA|CULEX PIPIENS|11| S ASHLAND AVE|T090|1100  S ASHLAND AVE, Chicago, IL|41.868077|-87.666901|9|21|1
10190|2013-09-12|4200 West 127th Street, Alsip, IL 60803, USA|CULEX PIPIENS|42| W 127TH PL|T135|4200  W 127TH PL, Chicago, IL|41.662014|-87.72460799999999|8|18|1
10194|2013-09-12|2800 North Francisco Avenue, Chicago, IL 60618, USA|CULEX PIPIENS|28| N FRANCISCO AVE|T147|2800  N FRANCISCO AVE, Chicago, IL|41.932094|-87.700117|8|13|1
10209|2013-09-12|6100 West Fullerton Avenue, Chicago, IL 60639, USA|CULEX PIPIENS/RESTUANS|61| W FULLERTON AVE|T013|6100  W FULLERTON AVE, Chicago, IL|41.923738|-87.785288|9|21|1
10216|2013-09-12|1700 North Pulaski Road, Chicago, IL 60639, USA|CULEX PIPIENS|17| N PULASKI RD|T039|1700  N PULASKI RD, Chicago, IL|41.911823999999996|-87.726737|9|14|1
10223|2013-09-12|6700 South Kedzie Avenue, Chicago, IL 60629, USA|CULEX PIPIENS/RESTUANS|67| S KEDZIE AVE|T066|6700  S KEDZIE AVE, Chicago, IL|41.77166|-87.703047|8|39|1
10237|2013-09-12|5200 South Kolmar Avenue, Chicago, IL 60632, USA|CULEX PIPIENS/RESTUANS|52| S KOLMAR|T114|5200  S KOLMAR, Chicago, IL|41.798697|-87.736812|8|9|1
10239|2013-09-12|South Doty Avenue, Chicago, IL, USA|CULEX PIPIENS/RESTUANS|12| S DOTY AVE|T115|1200  S DOTY AVE, Chicago, IL|41.673408|-87.599862|5|47|1
10240|2013-09-12|South Doty Avenue, Chicago, IL, USA|CULEX PIPIENS/RESTUANS|12| S DOTY AVE|T115|1200  S DOTY AVE, Chicago, IL|41.673408|-87.599862|5|50|1
10241|2013-09-12|South Doty Avenue, Chicago, IL, USA|CULEX PIPIENS/RESTUANS|12| S DOTY AVE|T115|1200  S DOTY AVE, Chicago, IL|41.673408|-87.599862|5|39|1
10249|2013-09-12|South Cottage Grove Avenue, Chicago, IL, USA|CULEX PIPIENS/RESTUANS|10| S COTTAGE GROVE|T102|1000  S COTTAGE GROVE, Chicago, IL|41.750498|-87.605294|5|5|1
10251|2013-09-12|5800 North Pulaski Road, Chicago, IL 60646, USA|CULEX PIPIENS/RESTUANS|58| N PULASKI RD|T027|5800  N PULASKI RD, Chicago, IL|41.984809000000006|-87.728492|8|15|1
10252|2013-09-12|5800 North Pulaski Road, Chicago, IL 60646, USA|CULEX PIPIENS|58| N PULASKI RD|T027|5800  N PULASKI RD, Chicago, IL|41.984809000000006|-87.728492|8|9|1
10264|2013-09-12|ORD Terminal 5, O'Hare International Airport, Chicago, IL 60666, USA|CULEX PIPIENS|10| W OHARE AIRPORT|T900|1000  W OHARE AIRPORT, Chicago, IL|41.974689|-87.890615|9|39|1
10269|2013-09-12|ORD Terminal 5, O'Hare International Airport, Chicago, IL 60666, USA|CULEX PIPIENS|10| W OHARE AIRPORT|T900|1000  W OHARE AIRPORT, Chicago, IL|41.974689|-87.890615|9|37|1
10273|2013-09-12|5100 North Mont Clare Avenue, Chicago, IL 60656, USA|CULEX PIPIENS/RESTUANS|51| N MONT CLARE AVE|T223|5100  N MONT CLARE AVE, Chicago, IL|41.973845000000004|-87.805059|9|5|1
10276|2013-09-12|8200 South Kostner Avenue, Chicago, IL 60652, USA|CULEX PIPIENS|82| S KOSTNER AVE|T225|8200  S KOSTNER AVE, Chicago, IL|41.743402|-87.731435|8|47|1
10295|2013-09-12|1700 North Ashland Avenue, Chicago, IL 60622, USA|CULEX PIPIENS|17| N ASHLAND AVE|T232|1700  N ASHLAND AVE, Chicago, IL|41.912563|-87.66805500000001|9|2|1
10298|2013-09-12|4200 West 65th Street, Chicago, IL 60621, USA|CULEX PIPIENS/RESTUANS|42| W 65TH ST|T235|4200  W 65TH ST, Chicago, IL|41.776428|-87.627096|8|18|1
10307|2013-09-19|2200 North Cannon Drive, Chicago, IL 60614, USA|CULEX PIPIENS/RESTUANS|22| N CANNON DR|T054|2200  N CANNON DR, Chicago, IL|41.921965|-87.632085|8|12|1
10315|2013-09-19|3600 North Pittsburgh Avenue, Chicago, IL 60634, USA|CULEX PIPIENS/RESTUANS|36| N PITTSBURGH AVE|T011|3600  N PITTSBURGH AVE, Chicago, IL|41.944869|-87.832763|8|10|1
10322|2013-09-19|South Vincennes Avenue, Chicago, IL, USA|CULEX PIPIENS/RESTUANS|10| S VINCENNES|T089|1000  S VINCENNES, Chicago, IL|41.723195000000004|-87.64997|5|6|1
10324|2013-09-19|University of Illinois at Chicago, 1100 South Ashland Avenue, Chicago, IL 60607, USA|CULEX PIPIENS|11| S ASHLAND AVE|T090|1100  S ASHLAND AVE, Chicago, IL|41.868077|-87.666901|9|6|1
10338|2013-09-19|6100 North Lemont Avenue, Chicago, IL 60646, USA|CULEX PIPIENS/RESTUANS|61| N LEMONT AVE|T012|6100  N LEMONT AVE, Chicago, IL|41.991429|-87.747113|8|11|1
10342|2013-09-19|6100 West Fullerton Avenue, Chicago, IL 60639, USA|CULEX PIPIENS|61| W FULLERTON AVE|T013|6100  W FULLERTON AVE, Chicago, IL|41.923738|-87.785288|9|26|1
10346|2013-09-19|1000 North Central Park Avenue, Chicago, IL 60651, USA|CULEX PIPIENS|10| N CENTRAL PARK DR|T030|1000  N CENTRAL PARK DR, Chicago, IL|41.899229999999996|-87.716788|9|21|1
10384|2013-09-19|4000 East 130th Street, Chicago, IL 60633, USA|CULEX PIPIENS|40| E 130TH ST|T221|4000  E 130TH ST, Chicago, IL|41.659112|-87.53869300000001|8|11|1
10386|2013-09-19|ORD Terminal 5, O'Hare International Airport, Chicago, IL 60666, USA|CULEX PIPIENS/RESTUANS|10| W OHARE AIRPORT|T900|1000  W OHARE AIRPORT, Chicago, IL|41.974689|-87.890615|9|13|1
10387|2013-09-19|ORD Terminal 5, O'Hare International Airport, Chicago, IL 60666, USA|CULEX PIPIENS/RESTUANS|10| W OHARE AIRPORT|T900|1000  W OHARE AIRPORT, Chicago, IL|41.974689|-87.890615|9|7|1
10388|2013-09-19|ORD Terminal 5, O'Hare International Airport, Chicago, IL 60666, USA|CULEX PIPIENS/RESTUANS|10| W OHARE AIRPORT|T900|1000  W OHARE AIRPORT, Chicago, IL|41.974689|-87.890615|9|27|1
10439|2013-09-26|4600 Milwaukee Avenue, Chicago, IL 60630, USA|CULEX PIPIENS|46| N MILWAUKEE AVE|T003|4600  N MILWAUKEE AVE, Chicago, IL|41.964242|-87.757639|8|3|1
10462|2013-09-26|6300 West 64th Street, Chicago, IL 60638, USA|CULEX PIPIENS/RESTUANS|63| W 64TH ST|T155|6300  W 64TH ST, Chicago, IL|41.776156|-87.778927|9|4|1
10484|2013-09-26|ORD Terminal 5, O'Hare International Airport, Chicago, IL 60666, USA|CULEX PIPIENS/RESTUANS|10| W OHARE AIRPORT|T900|1000  W OHARE AIRPORT, Chicago, IL|41.974689|-87.890615|9|39|1
10501|2013-09-26|5100 West 72nd Street, Chicago, IL 60638, USA|CULEX PIPIENS/RESTUANS|51| W 72ND ST|T035|5100  W 72ND ST, Chicago, IL|41.763733|-87.742302|8|6|1
